,Timestamp,Open,High,Low,Close,Volume,Dividends,Stock Splits,Date
0,2023-05-24 10:00:00-04:00,27.725000381469727,27.725000381469727,27.725000381469727,27.725000381469727,0,0.0,0.0,2023-05-24
1,2023-05-24 10:05:00-04:00,27.68000030517578,27.809999465942383,27.68000030517578,27.68000030517578,854,0.0,0.0,2023-05-24
2,2023-05-24 10:20:00-04:00,27.610000610351562,27.610000610351562,27.610000610351562,27.610000610351562,230,0.0,0.0,2023-05-24
3,2023-05-24 12:20:00-04:00,27.950000762939453,27.950000762939453,27.950000762939453,27.950000762939453,534,0.0,0.0,2023-05-24
4,2023-05-24 12:40:00-04:00,27.8799991607666,27.8799991607666,27.75,27.75,509,0.0,0.0,2023-05-24
5,2023-05-24 13:00:00-04:00,27.729999542236328,27.729999542236328,27.729999542236328,27.729999542236328,469,0.0,0.0,2023-05-24
6,2023-05-24 14:20:00-04:00,27.790000915527344,27.916000366210938,27.75,27.916000366210938,672,0.0,0.0,2023-05-24
7,2023-05-24 14:25:00-04:00,27.770000457763672,27.770000457763672,27.770000457763672,27.770000457763672,119,0.0,0.0,2023-05-24
8,2023-05-24 14:30:00-04:00,27.829999923706055,27.829999923706055,27.829999923706055,27.829999923706055,1060,0.0,0.0,2023-05-24
9,2023-05-24 15:05:00-04:00,27.84000015258789,27.84000015258789,27.469999313354492,27.469999313354492,2451,0.0,0.0,2023-05-24
10,2023-05-24 15:10:00-04:00,27.489999771118164,27.489999771118164,27.489999771118164,27.489999771118164,692,0.0,0.0,2023-05-24
11,2023-05-24 15:40:00-04:00,27.381000518798828,27.381000518798828,27.381000518798828,27.381000518798828,140,0.0,0.0,2023-05-24
12,2023-05-24 15:55:00-04:00,27.420000076293945,27.420000076293945,27.389999389648438,27.389999389648438,1684,0.0,0.0,2023-05-24
13,2023-05-25 09:30:00-04:00,27.360000610351562,27.360000610351562,27.360000610351562,27.360000610351562,777,0.0,0.0,2023-05-25
14,2023-05-25 15:10:00-04:00,27.559999465942383,27.559999465942383,27.559999465942383,27.559999465942383,170,0.0,0.0,2023-05-25
15,2023-05-25 15:55:00-04:00,27.950000762939453,28.030000686645508,27.950000762939453,28.030000686645508,2357,0.0,0.0,2023-05-25
16,2023-05-26 09:30:00-04:00,27.799999237060547,27.799999237060547,27.799999237060547,27.799999237060547,175,0.0,0.0,2023-05-26
17,2023-05-26 09:45:00-04:00,27.950000762939453,27.950000762939453,27.950000762939453,27.950000762939453,776,0.0,0.0,2023-05-26
18,2023-05-26 10:20:00-04:00,27.584999084472656,27.59000015258789,27.584999084472656,27.59000015258789,759,0.0,0.0,2023-05-26
19,2023-05-26 11:05:00-04:00,27.616300582885742,27.616300582885742,27.616300582885742,27.616300582885742,178,0.0,0.0,2023-05-26
20,2023-05-26 14:20:00-04:00,27.59000015258789,27.59000015258789,27.59000015258789,27.59000015258789,164,0.0,0.0,2023-05-26
21,2023-05-26 14:50:00-04:00,28.0049991607666,28.0049991607666,28.0,28.0,910,0.0,0.0,2023-05-26
22,2023-05-26 15:00:00-04:00,27.899999618530273,28.239999771118164,27.813199996948242,28.0,7674,0.0,0.0,2023-05-26
23,2023-05-26 15:10:00-04:00,28.040000915527344,28.040000915527344,27.985000610351562,27.985000610351562,9712,0.0,0.0,2023-05-26
24,2023-05-26 15:25:00-04:00,28.079999923706055,28.079999923706055,28.079999923706055,28.079999923706055,218,0.0,0.0,2023-05-26
25,2023-05-26 15:30:00-04:00,28.049999237060547,28.049999237060547,28.049999237060547,28.049999237060547,307,0.0,0.0,2023-05-26
26,2023-05-26 15:45:00-04:00,28.06999969482422,28.100000381469727,28.06999969482422,28.100000381469727,770,0.0,0.0,2023-05-26
27,2023-05-26 15:50:00-04:00,28.200000762939453,28.200000762939453,28.200000762939453,28.200000762939453,262,0.0,0.0,2023-05-26
28,2023-05-26 15:55:00-04:00,28.329999923706055,28.540000915527344,28.309999465942383,28.309999465942383,2284,0.0,0.0,2023-05-26
29,2023-05-30 09:30:00-04:00,28.229999542236328,28.229999542236328,28.229999542236328,28.229999542236328,2129,0.0,0.0,2023-05-30
30,2023-05-30 13:15:00-04:00,27.899999618530273,27.899999618530273,27.899999618530273,27.899999618530273,1041,0.0,0.0,2023-05-30
31,2023-05-31 09:30:00-04:00,27.709999084472656,27.709999084472656,27.709999084472656,27.709999084472656,0,0.0,0.0,2023-05-31
32,2023-05-31 10:45:00-04:00,27.479999542236328,27.479999542236328,27.479999542236328,27.479999542236328,898,0.0,0.0,2023-05-31
33,2023-05-31 10:55:00-04:00,27.260000228881836,27.260000228881836,27.260000228881836,27.260000228881836,200,0.0,0.0,2023-05-31
34,2023-05-31 11:15:00-04:00,27.559900283813477,27.559900283813477,27.559900283813477,27.559900283813477,689,0.0,0.0,2023-05-31
35,2023-05-31 11:30:00-04:00,27.209999084472656,27.209999084472656,27.209999084472656,27.209999084472656,142,0.0,0.0,2023-05-31
36,2023-05-31 11:50:00-04:00,27.350000381469727,27.540000915527344,27.350000381469727,27.540000915527344,2183,0.0,0.0,2023-05-31
37,2023-05-31 12:00:00-04:00,27.3700008392334,27.3700008392334,27.350000381469727,27.350000381469727,323,0.0,0.0,2023-05-31
38,2023-05-31 12:10:00-04:00,27.399999618530273,27.399999618530273,27.399999618530273,27.399999618530273,428,0.0,0.0,2023-05-31
39,2023-05-31 12:15:00-04:00,27.360000610351562,27.360000610351562,27.360000610351562,27.360000610351562,174,0.0,0.0,2023-05-31
40,2023-05-31 12:20:00-04:00,27.40999984741211,27.40999984741211,27.40999984741211,27.40999984741211,634,0.0,0.0,2023-05-31
41,2023-05-31 12:55:00-04:00,27.489999771118164,27.489999771118164,27.489999771118164,27.489999771118164,1220,0.0,0.0,2023-05-31
42,2023-05-31 13:25:00-04:00,27.48900032043457,27.48900032043457,27.3700008392334,27.3700008392334,953,0.0,0.0,2023-05-31
43,2023-05-31 15:20:00-04:00,27.5,27.5,27.5,27.5,521,0.0,0.0,2023-05-31
44,2023-05-31 15:25:00-04:00,27.239999771118164,27.270000457763672,27.229999542236328,27.229999542236328,789,0.0,0.0,2023-05-31
45,2023-05-31 15:30:00-04:00,27.309999465942383,27.309999465942383,27.202699661254883,27.202699661254883,405,0.0,0.0,2023-05-31
46,2023-05-31 15:35:00-04:00,27.229999542236328,27.229999542236328,27.229999542236328,27.229999542236328,201,0.0,0.0,2023-05-31
47,2023-05-31 15:40:00-04:00,27.309999465942383,27.309999465942383,27.219999313354492,27.219999313354492,328,0.0,0.0,2023-05-31
48,2023-05-31 15:55:00-04:00,27.729999542236328,29.8700008392334,27.65999984741211,28.6200008392334,31064,0.0,0.0,2023-05-31
49,2023-06-01 09:30:00-04:00,28.440000534057617,28.440000534057617,28.209999084472656,28.209999084472656,1413,0.0,0.0,2023-06-01
50,2023-06-01 09:35:00-04:00,28.420000076293945,28.440000534057617,28.40999984741211,28.440000534057617,2821,0.0,0.0,2023-06-01
51,2023-06-01 09:40:00-04:00,28.489999771118164,28.5,28.469999313354492,28.5,575,0.0,0.0,2023-06-01
52,2023-06-01 10:10:00-04:00,28.4950008392334,28.4950008392334,28.4950008392334,28.4950008392334,571,0.0,0.0,2023-06-01
53,2023-06-01 10:15:00-04:00,28.280000686645508,28.280000686645508,28.280000686645508,28.280000686645508,199,0.0,0.0,2023-06-01
54,2023-06-01 10:25:00-04:00,28.299999237060547,28.299999237060547,28.299999237060547,28.299999237060547,790,0.0,0.0,2023-06-01
55,2023-06-01 10:50:00-04:00,28.639999389648438,28.639999389648438,28.639999389648438,28.639999389648438,137,0.0,0.0,2023-06-01
56,2023-06-01 11:00:00-04:00,28.670000076293945,28.670000076293945,28.670000076293945,28.670000076293945,1177,0.0,0.0,2023-06-01
57,2023-06-01 11:30:00-04:00,28.520000457763672,28.520000457763672,28.520000457763672,28.520000457763672,315,0.0,0.0,2023-06-01
58,2023-06-01 11:50:00-04:00,28.530000686645508,28.530000686645508,28.450000762939453,28.5,1458,0.0,0.0,2023-06-01
59,2023-06-01 11:55:00-04:00,28.489999771118164,28.489999771118164,28.489999771118164,28.489999771118164,261,0.0,0.0,2023-06-01
60,2023-06-01 12:05:00-04:00,28.469999313354492,28.489999771118164,28.469999313354492,28.469999313354492,557,0.0,0.0,2023-06-01
61,2023-06-01 12:10:00-04:00,28.34000015258789,28.34000015258789,27.84000015258789,28.270000457763672,3423,0.0,0.0,2023-06-01
62,2023-06-01 12:15:00-04:00,27.979999542236328,27.979999542236328,27.979999542236328,27.979999542236328,1030,0.0,0.0,2023-06-01
63,2023-06-01 13:10:00-04:00,28.155000686645508,28.155000686645508,28.15019989013672,28.15019989013672,2027,0.0,0.0,2023-06-01
64,2023-06-01 14:20:00-04:00,27.954999923706055,27.954999923706055,27.954999923706055,27.954999923706055,582,0.0,0.0,2023-06-01
65,2023-06-01 14:50:00-04:00,28.09000015258789,28.09000015258789,28.09000015258789,28.09000015258789,153,0.0,0.0,2023-06-01
66,2023-06-01 15:05:00-04:00,28.1200008392334,28.239999771118164,28.1200008392334,28.239999771118164,1471,0.0,0.0,2023-06-01
67,2023-06-01 15:20:00-04:00,27.93000030517578,27.93000030517578,27.93000030517578,27.93000030517578,856,0.0,0.0,2023-06-01
68,2023-06-01 15:40:00-04:00,28.010000228881836,28.010000228881836,28.010000228881836,28.010000228881836,114,0.0,0.0,2023-06-01
69,2023-06-01 15:50:00-04:00,27.940000534057617,28.0,27.940000534057617,28.0,959,0.0,0.0,2023-06-01
70,2023-06-01 15:55:00-04:00,27.954999923706055,28.078699111938477,27.834999084472656,28.010000228881836,3459,0.0,0.0,2023-06-01
71,2023-06-02 09:30:00-04:00,28.1299991607666,28.1299991607666,28.1299991607666,28.1299991607666,1705,0.0,0.0,2023-06-02
72,2023-06-02 13:40:00-04:00,28.8799991607666,28.899999618530273,28.8799991607666,28.899999618530273,1444,0.0,0.0,2023-06-02
73,2023-06-02 14:05:00-04:00,28.959999084472656,28.959999084472656,28.790000915527344,28.790000915527344,1160,0.0,0.0,2023-06-02
74,2023-06-02 14:10:00-04:00,28.399999618530273,28.399999618530273,28.399999618530273,28.399999618530273,1035,0.0,0.0,2023-06-02
75,2023-06-02 15:05:00-04:00,28.979999542236328,28.979999542236328,28.979999542236328,28.979999542236328,684,0.0,0.0,2023-06-02
76,2023-06-02 15:10:00-04:00,29.139999389648438,29.139999389648438,28.979999542236328,29.1299991607666,1001,0.0,0.0,2023-06-02
77,2023-06-02 15:15:00-04:00,29.170000076293945,29.229999542236328,29.170000076293945,29.229999542236328,387,0.0,0.0,2023-06-02
78,2023-06-02 15:20:00-04:00,29.524999618530273,29.524999618530273,29.139999389648438,29.139999389648438,234,0.0,0.0,2023-06-02
79,2023-06-02 15:25:00-04:00,29.184799194335938,29.184799194335938,29.184799194335938,29.184799194335938,337,0.0,0.0,2023-06-02
80,2023-06-02 15:35:00-04:00,29.485000610351562,29.485000610351562,29.485000610351562,29.485000610351562,249,0.0,0.0,2023-06-02
81,2023-06-02 15:50:00-04:00,29.510000228881836,29.510000228881836,29.31999969482422,29.31999969482422,838,0.0,0.0,2023-06-02
82,2023-06-02 15:55:00-04:00,29.469999313354492,29.899999618530273,29.469999313354492,29.719999313354492,5125,0.0,0.0,2023-06-02
83,2023-06-05 09:30:00-04:00,29.59000015258789,29.59000015258789,29.299999237060547,29.299999237060547,624,0.0,0.0,2023-06-05
84,2023-06-05 09:35:00-04:00,29.295000076293945,29.295000076293945,29.295000076293945,29.295000076293945,358,0.0,0.0,2023-06-05
85,2023-06-05 10:15:00-04:00,28.299999237060547,28.299999237060547,28.299999237060547,28.299999237060547,412,0.0,0.0,2023-06-05
86,2023-06-05 10:45:00-04:00,28.559999465942383,28.559999465942383,28.559999465942383,28.559999465942383,182,0.0,0.0,2023-06-05
87,2023-06-05 10:50:00-04:00,28.59000015258789,28.59000015258789,28.59000015258789,28.59000015258789,302,0.0,0.0,2023-06-05
88,2023-06-05 10:55:00-04:00,28.56999969482422,28.56999969482422,28.56999969482422,28.56999969482422,393,0.0,0.0,2023-06-05
89,2023-06-05 11:25:00-04:00,28.579999923706055,28.579999923706055,28.579999923706055,28.579999923706055,105,0.0,0.0,2023-06-05
90,2023-06-05 11:35:00-04:00,28.59000015258789,28.59000015258789,28.59000015258789,28.59000015258789,170,0.0,0.0,2023-06-05
91,2023-06-05 11:40:00-04:00,28.610000610351562,28.610000610351562,28.610000610351562,28.610000610351562,205,0.0,0.0,2023-06-05
92,2023-06-05 11:50:00-04:00,28.6299991607666,28.6299991607666,28.6299991607666,28.6299991607666,135,0.0,0.0,2023-06-05
93,2023-06-05 11:55:00-04:00,28.600000381469727,28.600000381469727,28.600000381469727,28.600000381469727,156,0.0,0.0,2023-06-05
94,2023-06-05 12:00:00-04:00,28.610000610351562,28.610000610351562,28.610000610351562,28.610000610351562,174,0.0,0.0,2023-06-05
95,2023-06-05 12:10:00-04:00,28.610000610351562,28.610000610351562,28.610000610351562,28.610000610351562,163,0.0,0.0,2023-06-05
96,2023-06-05 12:20:00-04:00,28.780000686645508,28.780000686645508,28.610000610351562,28.610000610351562,430,0.0,0.0,2023-06-05
97,2023-06-05 12:30:00-04:00,28.649999618530273,28.68000030517578,28.649999618530273,28.68000030517578,343,0.0,0.0,2023-06-05
98,2023-06-05 12:40:00-04:00,28.700000762939453,28.700000762939453,28.700000762939453,28.700000762939453,206,0.0,0.0,2023-06-05
99,2023-06-05 12:50:00-04:00,28.709999084472656,28.709999084472656,28.709999084472656,28.709999084472656,213,0.0,0.0,2023-06-05
100,2023-06-05 13:00:00-04:00,28.719999313354492,28.719999313354492,28.719999313354492,28.719999313354492,376,0.0,0.0,2023-06-05
101,2023-06-05 13:10:00-04:00,28.709999084472656,28.709999084472656,28.709999084472656,28.709999084472656,109,0.0,0.0,2023-06-05
102,2023-06-05 13:20:00-04:00,28.709999084472656,28.709999084472656,28.709999084472656,28.709999084472656,155,0.0,0.0,2023-06-05
103,2023-06-05 13:30:00-04:00,28.709999084472656,28.709999084472656,28.709999084472656,28.709999084472656,238,0.0,0.0,2023-06-05
104,2023-06-05 13:40:00-04:00,28.709999084472656,28.709999084472656,28.709999084472656,28.709999084472656,225,0.0,0.0,2023-06-05
105,2023-06-05 13:45:00-04:00,28.719999313354492,28.719999313354492,28.709999084472656,28.709999084472656,286,0.0,0.0,2023-06-05
106,2023-06-05 13:50:00-04:00,28.709999084472656,28.709999084472656,28.709999084472656,28.709999084472656,463,0.0,0.0,2023-06-05
107,2023-06-05 14:00:00-04:00,28.75,28.75,28.739999771118164,28.739999771118164,369,0.0,0.0,2023-06-05
108,2023-06-05 14:05:00-04:00,28.729999542236328,28.729999542236328,28.700000762939453,28.700000762939453,702,0.0,0.0,2023-06-05
109,2023-06-05 14:20:00-04:00,28.690000534057617,28.690000534057617,28.690000534057617,28.690000534057617,106,0.0,0.0,2023-06-05
110,2023-06-05 14:25:00-04:00,28.690000534057617,28.690000534057617,28.690000534057617,28.690000534057617,324,0.0,0.0,2023-06-05
111,2023-06-05 14:30:00-04:00,28.690000534057617,28.7450008392334,28.68000030517578,28.7450008392334,619,0.0,0.0,2023-06-05
112,2023-06-05 14:35:00-04:00,28.649999618530273,28.649999618530273,28.639999389648438,28.639999389648438,334,0.0,0.0,2023-06-05
113,2023-06-05 14:40:00-04:00,28.260000228881836,28.260000228881836,28.260000228881836,28.260000228881836,108,0.0,0.0,2023-06-05
114,2023-06-05 14:50:00-04:00,28.260000228881836,28.260000228881836,28.260000228881836,28.260000228881836,110,0.0,0.0,2023-06-05
115,2023-06-05 15:00:00-04:00,28.309999465942383,28.309999465942383,28.309999465942383,28.309999465942383,113,0.0,0.0,2023-06-05
116,2023-06-05 15:05:00-04:00,28.309999465942383,28.309999465942383,28.309999465942383,28.309999465942383,116,0.0,0.0,2023-06-05
117,2023-06-05 15:15:00-04:00,28.309999465942383,28.309999465942383,28.309999465942383,28.309999465942383,129,0.0,0.0,2023-06-05
118,2023-06-05 15:25:00-04:00,28.299999237060547,28.299999237060547,28.299999237060547,28.299999237060547,176,0.0,0.0,2023-06-05
119,2023-06-05 15:30:00-04:00,28.34000015258789,28.34000015258789,28.34000015258789,28.34000015258789,197,0.0,0.0,2023-06-05
120,2023-06-05 15:35:00-04:00,28.31999969482422,28.31999969482422,28.31999969482422,28.31999969482422,346,0.0,0.0,2023-06-05
121,2023-06-05 15:45:00-04:00,28.31999969482422,28.31999969482422,28.31999969482422,28.31999969482422,169,0.0,0.0,2023-06-05
122,2023-06-05 15:50:00-04:00,28.329999923706055,28.329999923706055,28.329999923706055,28.329999923706055,940,0.0,0.0,2023-06-05
123,2023-06-05 15:55:00-04:00,28.329999923706055,28.329999923706055,28.309999465942383,28.329999923706055,2079,0.0,0.0,2023-06-05
124,2023-06-06 09:30:00-04:00,28.31999969482422,28.31999969482422,28.31999969482422,28.31999969482422,574,0.0,0.0,2023-06-06
125,2023-06-06 10:30:00-04:00,28.899999618530273,28.899999618530273,28.899999618530273,28.899999618530273,379,0.0,0.0,2023-06-06
126,2023-06-06 10:35:00-04:00,29.200000762939453,29.200000762939453,29.200000762939453,29.200000762939453,1088,0.0,0.0,2023-06-06
127,2023-06-06 11:00:00-04:00,29.59000015258789,29.59000015258789,29.59000015258789,29.59000015258789,607,0.0,0.0,2023-06-06
128,2023-06-06 11:15:00-04:00,29.640100479125977,29.640100479125977,29.640100479125977,29.640100479125977,606,0.0,0.0,2023-06-06
129,2023-06-06 11:20:00-04:00,29.75,29.75,29.70009994506836,29.70009994506836,424,0.0,0.0,2023-06-06
130,2023-06-06 11:25:00-04:00,29.8700008392334,30.040000915527344,29.860000610351562,30.040000915527344,1616,0.0,0.0,2023-06-06
131,2023-06-06 11:30:00-04:00,29.940000534057617,29.940000534057617,29.940000534057617,29.940000534057617,672,0.0,0.0,2023-06-06
132,2023-06-06 12:00:00-04:00,30.260000228881836,30.440000534057617,30.260000228881836,30.440000534057617,629,0.0,0.0,2023-06-06
133,2023-06-06 12:05:00-04:00,30.280000686645508,30.399999618530273,30.280000686645508,30.399999618530273,1403,0.0,0.0,2023-06-06
134,2023-06-06 12:15:00-04:00,30.174999237060547,30.174999237060547,30.174999237060547,30.174999237060547,103,0.0,0.0,2023-06-06
135,2023-06-06 12:30:00-04:00,30.190000534057617,30.190000534057617,30.190000534057617,30.190000534057617,849,0.0,0.0,2023-06-06
136,2023-06-06 14:10:00-04:00,30.040000915527344,30.040000915527344,29.959999084472656,29.969999313354492,845,0.0,0.0,2023-06-06
137,2023-06-06 14:25:00-04:00,29.6200008392334,29.6200008392334,29.6200008392334,29.6200008392334,100,0.0,0.0,2023-06-06
138,2023-06-06 14:30:00-04:00,29.889999389648438,29.889999389648438,29.889999389648438,29.889999389648438,1037,0.0,0.0,2023-06-06
139,2023-06-06 15:50:00-04:00,30.170000076293945,30.170000076293945,29.639999389648438,29.639999389648438,519,0.0,0.0,2023-06-06
140,2023-06-06 15:55:00-04:00,30.100000381469727,30.110000610351562,29.690000534057617,29.75,3738,0.0,0.0,2023-06-06
141,2023-06-07 09:30:00-04:00,29.969999313354492,29.969999313354492,29.969999313354492,29.969999313354492,413,0.0,0.0,2023-06-07
142,2023-06-07 09:40:00-04:00,30.34000015258789,30.403799057006836,30.34000015258789,30.403799057006836,826,0.0,0.0,2023-06-07
143,2023-06-07 09:50:00-04:00,30.260000228881836,30.260000228881836,30.260000228881836,30.260000228881836,1048,0.0,0.0,2023-06-07
144,2023-06-07 10:00:00-04:00,30.700000762939453,30.75,30.700000762939453,30.75,556,0.0,0.0,2023-06-07
145,2023-06-07 10:05:00-04:00,30.5,30.5,30.5,30.5,298,0.0,0.0,2023-06-07
146,2023-06-07 10:10:00-04:00,30.989999771118164,30.989999771118164,30.989999771118164,30.989999771118164,162,0.0,0.0,2023-06-07
147,2023-06-07 10:25:00-04:00,30.989999771118164,30.989999771118164,30.989999771118164,30.989999771118164,227,0.0,0.0,2023-06-07
148,2023-06-07 10:30:00-04:00,30.959999084472656,30.989999771118164,30.959999084472656,30.989999771118164,575,0.0,0.0,2023-06-07
149,2023-06-07 10:35:00-04:00,30.959999084472656,30.959999084472656,30.860000610351562,30.860000610351562,361,0.0,0.0,2023-06-07
150,2023-06-07 10:40:00-04:00,30.68000030517578,30.68000030517578,30.65999984741211,30.65999984741211,464,0.0,0.0,2023-06-07
151,2023-06-07 10:45:00-04:00,30.700000762939453,30.850000381469727,30.700000762939453,30.850000381469727,792,0.0,0.0,2023-06-07
152,2023-06-07 10:55:00-04:00,31.0,31.0,30.860000610351562,30.860000610351562,2097,0.0,0.0,2023-06-07
153,2023-06-07 11:00:00-04:00,30.93000030517578,30.940000534057617,30.850000381469727,30.850000381469727,1350,0.0,0.0,2023-06-07
154,2023-06-07 11:20:00-04:00,30.93000030517578,30.93000030517578,30.93000030517578,30.93000030517578,160,0.0,0.0,2023-06-07
155,2023-06-07 11:25:00-04:00,31.1299991607666,31.15999984741211,31.1299991607666,31.15999984741211,515,0.0,0.0,2023-06-07
156,2023-06-07 11:30:00-04:00,31.290000915527344,31.350000381469727,31.290000915527344,31.350000381469727,523,0.0,0.0,2023-06-07
157,2023-06-07 11:35:00-04:00,31.3700008392334,31.3799991607666,31.299999237060547,31.299999237060547,1096,0.0,0.0,2023-06-07
158,2023-06-07 11:50:00-04:00,30.739999771118164,30.899999618530273,30.700000762939453,30.899999618530273,1030,0.0,0.0,2023-06-07
159,2023-06-07 12:30:00-04:00,31.09000015258789,31.350000381469727,31.010000228881836,31.350000381469727,2945,0.0,0.0,2023-06-07
160,2023-06-07 12:45:00-04:00,31.31999969482422,31.31999969482422,31.31999969482422,31.31999969482422,225,0.0,0.0,2023-06-07
161,2023-06-07 12:50:00-04:00,31.290000915527344,31.299999237060547,31.290000915527344,31.299999237060547,1384,0.0,0.0,2023-06-07
162,2023-06-07 12:55:00-04:00,31.3700008392334,31.3700008392334,31.31999969482422,31.31999969482422,738,0.0,0.0,2023-06-07
163,2023-06-07 13:00:00-04:00,31.280000686645508,31.280000686645508,31.280000686645508,31.280000686645508,633,0.0,0.0,2023-06-07
164,2023-06-07 13:15:00-04:00,31.34000015258789,31.420000076293945,31.34000015258789,31.420000076293945,1755,0.0,0.0,2023-06-07
165,2023-06-07 13:55:00-04:00,31.450000762939453,31.450000762939453,31.200000762939453,31.200000762939453,1657,0.0,0.0,2023-06-07
166,2023-06-07 14:00:00-04:00,31.3700008392334,31.3799991607666,31.3700008392334,31.3799991607666,359,0.0,0.0,2023-06-07
167,2023-06-07 14:05:00-04:00,31.520000457763672,31.549999237060547,31.520000457763672,31.549999237060547,932,0.0,0.0,2023-06-07
168,2023-06-07 14:20:00-04:00,31.429899215698242,31.559999465942383,31.429899215698242,31.559999465942383,420,0.0,0.0,2023-06-07
169,2023-06-07 14:25:00-04:00,31.56999969482422,31.56999969482422,31.56999969482422,31.56999969482422,412,0.0,0.0,2023-06-07
170,2023-06-07 14:35:00-04:00,31.5,31.5,31.5,31.5,466,0.0,0.0,2023-06-07
171,2023-06-07 14:50:00-04:00,31.6299991607666,31.75,31.6299991607666,31.75,1017,0.0,0.0,2023-06-07
172,2023-06-07 15:25:00-04:00,31.616100311279297,31.616100311279297,31.616100311279297,31.616100311279297,536,0.0,0.0,2023-06-07
173,2023-06-07 15:50:00-04:00,31.969999313354492,31.969999313354492,31.969999313354492,31.969999313354492,0,0.0,0.0,2023-06-07
174,2023-06-07 15:55:00-04:00,31.969999313354492,32.060001373291016,31.639999389648438,31.639999389648438,29889,0.0,0.0,2023-06-07
175,2023-06-08 09:30:00-04:00,31.450000762939453,31.450000762939453,31.450000762939453,31.450000762939453,402,0.0,0.0,2023-06-08
176,2023-06-08 10:15:00-04:00,30.920000076293945,30.950000762939453,30.530000686645508,30.530000686645508,1394,0.0,0.0,2023-06-08
177,2023-06-08 10:20:00-04:00,30.71500015258789,30.71500015258789,30.700700759887695,30.700700759887695,938,0.0,0.0,2023-06-08
178,2023-06-08 10:35:00-04:00,30.93400001525879,30.93400001525879,30.93400001525879,30.93400001525879,730,0.0,0.0,2023-06-08
179,2023-06-08 11:20:00-04:00,30.479999542236328,30.479999542236328,30.334999084472656,30.334999084472656,1982,0.0,0.0,2023-06-08
180,2023-06-08 12:40:00-04:00,30.385000228881836,30.385000228881836,30.385000228881836,30.385000228881836,1659,0.0,0.0,2023-06-08
181,2023-06-08 15:40:00-04:00,30.420000076293945,30.420000076293945,30.420000076293945,30.420000076293945,377,0.0,0.0,2023-06-08
182,2023-06-08 15:45:00-04:00,30.739999771118164,30.739999771118164,30.739999771118164,30.739999771118164,104,0.0,0.0,2023-06-08
183,2023-06-08 15:50:00-04:00,30.739999771118164,30.969999313354492,30.68000030517578,30.809999465942383,1398,0.0,0.0,2023-06-08
184,2023-06-08 15:55:00-04:00,30.809999465942383,30.969999313354492,30.690000534057617,30.770000457763672,4656,0.0,0.0,2023-06-08
185,2023-06-09 09:30:00-04:00,30.8700008392334,30.8700008392334,30.8700008392334,30.8700008392334,405,0.0,0.0,2023-06-09
186,2023-06-09 12:30:00-04:00,31.290000915527344,31.290000915527344,31.290000915527344,31.290000915527344,267,0.0,0.0,2023-06-09
187,2023-06-09 12:45:00-04:00,30.829999923706055,30.829999923706055,30.829999923706055,30.829999923706055,201,0.0,0.0,2023-06-09
188,2023-06-09 13:15:00-04:00,30.44499969482422,30.44499969482422,30.44499969482422,30.44499969482422,132,0.0,0.0,2023-06-09
189,2023-06-09 13:30:00-04:00,30.78499984741211,30.78499984741211,30.78499984741211,30.78499984741211,561,0.0,0.0,2023-06-09
190,2023-06-09 14:15:00-04:00,30.799999237060547,30.852500915527344,30.799999237060547,30.852500915527344,432,0.0,0.0,2023-06-09
191,2023-06-09 14:20:00-04:00,30.8799991607666,30.8799991607666,30.8799991607666,30.8799991607666,181,0.0,0.0,2023-06-09
192,2023-06-09 14:25:00-04:00,30.670000076293945,30.670000076293945,30.670000076293945,30.670000076293945,144,0.0,0.0,2023-06-09
193,2023-06-09 14:35:00-04:00,30.815000534057617,30.815000534057617,30.815000534057617,30.815000534057617,562,0.0,0.0,2023-06-09
194,2023-06-09 15:00:00-04:00,30.610000610351562,30.610000610351562,30.610000610351562,30.610000610351562,121,0.0,0.0,2023-06-09
195,2023-06-09 15:05:00-04:00,30.729999542236328,30.729999542236328,30.510000228881836,30.530000686645508,620,0.0,0.0,2023-06-09
196,2023-06-09 15:10:00-04:00,30.579999923706055,30.579999923706055,30.579999923706055,30.579999923706055,201,0.0,0.0,2023-06-09
197,2023-06-09 15:15:00-04:00,30.760000228881836,30.760000228881836,30.760000228881836,30.760000228881836,214,0.0,0.0,2023-06-09
198,2023-06-09 15:30:00-04:00,30.899999618530273,30.899999618530273,30.899999618530273,30.899999618530273,333,0.0,0.0,2023-06-09
199,2023-06-09 15:40:00-04:00,30.725000381469727,30.725000381469727,30.725000381469727,30.725000381469727,201,0.0,0.0,2023-06-09
200,2023-06-09 15:45:00-04:00,30.565000534057617,30.729999542236328,30.565000534057617,30.729999542236328,547,0.0,0.0,2023-06-09
201,2023-06-09 15:50:00-04:00,30.860000610351562,30.860000610351562,30.559999465942383,30.559999465942383,712,0.0,0.0,2023-06-09
202,2023-06-09 15:55:00-04:00,30.860000610351562,30.860000610351562,30.559999465942383,30.59000015258789,2043,0.0,0.0,2023-06-09
203,2023-06-12 09:30:00-04:00,30.729999542236328,30.729999542236328,30.729999542236328,30.729999542236328,497,0.0,0.0,2023-06-12
204,2023-06-12 11:10:00-04:00,30.825000762939453,30.825000762939453,30.799999237060547,30.799999237060547,353,0.0,0.0,2023-06-12
205,2023-06-12 12:20:00-04:00,29.8700008392334,29.8700008392334,29.8700008392334,29.8700008392334,359,0.0,0.0,2023-06-12
206,2023-06-12 12:30:00-04:00,30.3700008392334,30.398500442504883,30.3700008392334,30.398500442504883,503,0.0,0.0,2023-06-12
207,2023-06-12 13:40:00-04:00,30.44499969482422,30.44499969482422,30.44499969482422,30.44499969482422,156,0.0,0.0,2023-06-12
208,2023-06-12 13:45:00-04:00,30.290000915527344,30.290000915527344,30.290000915527344,30.290000915527344,704,0.0,0.0,2023-06-12
209,2023-06-12 14:40:00-04:00,30.59000015258789,30.6299991607666,30.59000015258789,30.600000381469727,3547,0.0,0.0,2023-06-12
210,2023-06-12 15:40:00-04:00,30.639999389648438,30.639999389648438,30.639999389648438,30.639999389648438,213,0.0,0.0,2023-06-12
211,2023-06-12 15:45:00-04:00,30.5,30.5,30.5,30.5,413,0.0,0.0,2023-06-12
212,2023-06-12 15:55:00-04:00,30.5,30.5,30.309999465942383,30.5,1540,0.0,0.0,2023-06-12
213,2023-06-13 09:30:00-04:00,30.520000457763672,30.520000457763672,30.350000381469727,30.350000381469727,1346,0.0,0.0,2023-06-13
214,2023-06-13 09:40:00-04:00,30.700000762939453,30.700000762939453,30.700000762939453,30.700000762939453,368,0.0,0.0,2023-06-13
215,2023-06-13 09:50:00-04:00,30.850000381469727,30.850000381469727,30.850000381469727,30.850000381469727,405,0.0,0.0,2023-06-13
216,2023-06-13 11:05:00-04:00,30.549999237060547,30.549999237060547,30.549999237060547,30.549999237060547,611,0.0,0.0,2023-06-13
217,2023-06-13 12:15:00-04:00,30.01259994506836,30.01259994506836,30.01259994506836,30.01259994506836,268,0.0,0.0,2023-06-13
218,2023-06-13 12:50:00-04:00,29.920000076293945,29.920000076293945,29.920000076293945,29.920000076293945,831,0.0,0.0,2023-06-13
219,2023-06-13 13:20:00-04:00,30.489999771118164,30.489999771118164,30.489999771118164,30.489999771118164,1169,0.0,0.0,2023-06-13
220,2023-06-13 13:45:00-04:00,30.75,30.8700008392334,30.75,30.8700008392334,1601,0.0,0.0,2023-06-13
221,2023-06-13 14:35:00-04:00,30.579999923706055,30.65999984741211,30.549999237060547,30.549999237060547,1551,0.0,0.0,2023-06-13
222,2023-06-13 15:45:00-04:00,30.559999465942383,30.559999465942383,30.459999084472656,30.459999084472656,600,0.0,0.0,2023-06-13
223,2023-06-13 15:55:00-04:00,30.600000381469727,30.670000076293945,30.329999923706055,30.670000076293945,2845,0.0,0.0,2023-06-13
224,2023-06-14 09:30:00-04:00,30.600000381469727,30.600000381469727,30.600000381469727,30.600000381469727,704,0.0,0.0,2023-06-14
225,2023-06-14 09:40:00-04:00,30.860000610351562,30.860000610351562,30.860000610351562,30.860000610351562,168,0.0,0.0,2023-06-14
226,2023-06-14 09:50:00-04:00,31.331899642944336,31.331899642944336,30.500099182128906,30.500099182128906,1604,0.0,0.0,2023-06-14
227,2023-06-14 10:15:00-04:00,30.200000762939453,31.1299991607666,30.200000762939453,31.1299991607666,513,0.0,0.0,2023-06-14
228,2023-06-14 10:35:00-04:00,30.635000228881836,30.635000228881836,30.635000228881836,30.635000228881836,146,0.0,0.0,2023-06-14
229,2023-06-14 10:55:00-04:00,30.639999389648438,30.639999389648438,30.639999389648438,30.639999389648438,143,0.0,0.0,2023-06-14
230,2023-06-14 11:20:00-04:00,30.899999618530273,30.899999618530273,30.899999618530273,30.899999618530273,140,0.0,0.0,2023-06-14
231,2023-06-14 11:25:00-04:00,30.899999618530273,30.899999618530273,30.760000228881836,30.889999389648438,1597,0.0,0.0,2023-06-14
232,2023-06-14 11:40:00-04:00,30.84000015258789,30.899999618530273,30.84000015258789,30.899999618530273,630,0.0,0.0,2023-06-14
233,2023-06-14 12:05:00-04:00,30.790000915527344,30.850000381469727,30.790000915527344,30.850000381469727,593,0.0,0.0,2023-06-14
234,2023-06-14 12:15:00-04:00,30.989999771118164,30.989999771118164,30.989999771118164,30.989999771118164,275,0.0,0.0,2023-06-14
235,2023-06-14 12:30:00-04:00,30.920000076293945,30.959999084472656,30.90999984741211,30.90999984741211,1536,0.0,0.0,2023-06-14
236,2023-06-14 12:55:00-04:00,30.899999618530273,30.940000534057617,30.899999618530273,30.940000534057617,350,0.0,0.0,2023-06-14
237,2023-06-14 13:00:00-04:00,30.969999313354492,30.969999313354492,30.969999313354492,30.969999313354492,445,0.0,0.0,2023-06-14
238,2023-06-14 13:45:00-04:00,30.959999084472656,30.959999084472656,30.959999084472656,30.959999084472656,269,0.0,0.0,2023-06-14
239,2023-06-14 14:05:00-04:00,30.760000228881836,30.760000228881836,30.559999465942383,30.559999465942383,433,0.0,0.0,2023-06-14
240,2023-06-14 14:10:00-04:00,30.5,30.559999465942383,30.5,30.559999465942383,1050,0.0,0.0,2023-06-14
241,2023-06-14 14:35:00-04:00,30.575000762939453,30.575000762939453,30.575000762939453,30.575000762939453,1715,0.0,0.0,2023-06-14
242,2023-06-14 15:40:00-04:00,30.350000381469727,30.350000381469727,30.350000381469727,30.350000381469727,141,0.0,0.0,2023-06-14
243,2023-06-14 15:50:00-04:00,30.399999618530273,30.399999618530273,30.395000457763672,30.395000457763672,519,0.0,0.0,2023-06-14
244,2023-06-14 15:55:00-04:00,30.190000534057617,30.190000534057617,30.010000228881836,30.100000381469727,2933,0.0,0.0,2023-06-14
245,2023-06-15 09:45:00-04:00,29.850000381469727,29.850000381469727,29.850000381469727,29.850000381469727,491,0.0,0.0,2023-06-15
246,2023-06-15 10:25:00-04:00,30.33009910583496,30.33009910583496,30.33009910583496,30.33009910583496,918,0.0,0.0,2023-06-15
247,2023-06-15 10:35:00-04:00,30.280000686645508,30.280000686645508,30.280000686645508,30.280000686645508,507,0.0,0.0,2023-06-15
248,2023-06-15 11:05:00-04:00,30.163000106811523,30.163000106811523,30.149999618530273,30.149999618530273,490,0.0,0.0,2023-06-15
249,2023-06-15 11:30:00-04:00,30.350000381469727,30.739999771118164,30.350000381469727,30.739999771118164,1112,0.0,0.0,2023-06-15
250,2023-06-15 13:45:00-04:00,30.59000015258789,30.59000015258789,30.59000015258789,30.59000015258789,210,0.0,0.0,2023-06-15
251,2023-06-15 14:00:00-04:00,30.1200008392334,30.1200008392334,30.1200008392334,30.1200008392334,1342,0.0,0.0,2023-06-15
252,2023-06-15 15:00:00-04:00,31.209999084472656,31.209999084472656,31.209999084472656,31.209999084472656,855,0.0,0.0,2023-06-15
253,2023-06-15 15:25:00-04:00,30.799999237060547,30.799999237060547,30.799999237060547,30.799999237060547,621,0.0,0.0,2023-06-15
254,2023-06-15 15:40:00-04:00,30.979999542236328,30.989999771118164,30.979999542236328,30.979999542236328,666,0.0,0.0,2023-06-15
255,2023-06-15 15:45:00-04:00,30.867700576782227,31.100000381469727,30.867700576782227,31.100000381469727,1602,0.0,0.0,2023-06-15
256,2023-06-15 15:50:00-04:00,30.969999313354492,30.969999313354492,30.969999313354492,30.969999313354492,1140,0.0,0.0,2023-06-15
257,2023-06-15 15:55:00-04:00,30.93000030517578,30.940000534057617,30.93000030517578,30.940000534057617,1279,0.0,0.0,2023-06-15
258,2023-06-16 09:30:00-04:00,30.90999984741211,32.47999954223633,30.90999984741211,31.114999771118164,15432,0.0,0.0,2023-06-16
259,2023-06-16 09:40:00-04:00,31.699899673461914,31.699899673461914,31.0,31.0,1322,0.0,0.0,2023-06-16
260,2023-06-16 11:40:00-04:00,30.2632999420166,30.2632999420166,30.2632999420166,30.2632999420166,232,0.0,0.0,2023-06-16
261,2023-06-16 11:45:00-04:00,30.3700008392334,30.3700008392334,30.3700008392334,30.3700008392334,266,0.0,0.0,2023-06-16
262,2023-06-16 12:05:00-04:00,30.479999542236328,30.479999542236328,30.459999084472656,30.459999084472656,549,0.0,0.0,2023-06-16
263,2023-06-16 12:35:00-04:00,30.540000915527344,30.545000076293945,30.540000915527344,30.545000076293945,284,0.0,0.0,2023-06-16
264,2023-06-16 12:55:00-04:00,30.549999237060547,30.549999237060547,30.549999237060547,30.549999237060547,126,0.0,0.0,2023-06-16
265,2023-06-16 13:05:00-04:00,30.5,30.59320068359375,30.337499618530273,30.337499618530273,1683,0.0,0.0,2023-06-16
266,2023-06-16 13:10:00-04:00,30.479999542236328,30.479999542236328,30.479999542236328,30.479999542236328,148,0.0,0.0,2023-06-16
267,2023-06-16 13:20:00-04:00,30.56999969482422,30.56999969482422,30.56999969482422,30.56999969482422,212,0.0,0.0,2023-06-16
268,2023-06-16 13:45:00-04:00,30.3700008392334,30.594999313354492,30.3700008392334,30.594999313354492,903,0.0,0.0,2023-06-16
269,2023-06-16 14:50:00-04:00,30.5049991607666,30.610000610351562,30.5049991607666,30.610000610351562,460,0.0,0.0,2023-06-16
270,2023-06-16 15:15:00-04:00,30.709999084472656,30.709999084472656,30.709999084472656,30.709999084472656,173,0.0,0.0,2023-06-16
271,2023-06-16 15:25:00-04:00,30.670000076293945,30.670000076293945,30.670000076293945,30.670000076293945,276,0.0,0.0,2023-06-16
272,2023-06-16 15:35:00-04:00,30.719999313354492,30.719999313354492,30.719999313354492,30.719999313354492,159,0.0,0.0,2023-06-16
273,2023-06-16 15:40:00-04:00,30.600000381469727,30.600000381469727,30.600000381469727,30.600000381469727,813,0.0,0.0,2023-06-16
274,2023-06-16 15:50:00-04:00,30.729999542236328,30.729999542236328,30.729999542236328,30.729999542236328,721,0.0,0.0,2023-06-16
275,2023-06-16 15:55:00-04:00,30.600000381469727,30.790000915527344,30.600000381469727,30.719999313354492,2533,0.0,0.0,2023-06-16
276,2023-06-20 09:30:00-04:00,30.459999084472656,30.459999084472656,30.459999084472656,30.459999084472656,716,0.0,0.0,2023-06-20
277,2023-06-20 09:40:00-04:00,30.579999923706055,30.579999923706055,30.579999923706055,30.579999923706055,110,0.0,0.0,2023-06-20
278,2023-06-20 10:00:00-04:00,30.345500946044922,30.345500946044922,30.345500946044922,30.345500946044922,521,0.0,0.0,2023-06-20
279,2023-06-20 10:25:00-04:00,30.280000686645508,30.280000686645508,30.280000686645508,30.280000686645508,154,0.0,0.0,2023-06-20
280,2023-06-20 10:30:00-04:00,30.260000228881836,30.260000228881836,30.260000228881836,30.260000228881836,119,0.0,0.0,2023-06-20
281,2023-06-20 10:35:00-04:00,30.53499984741211,30.53499984741211,30.53499984741211,30.53499984741211,141,0.0,0.0,2023-06-20
282,2023-06-20 10:40:00-04:00,30.274999618530273,30.274999618530273,30.274999618530273,30.274999618530273,163,0.0,0.0,2023-06-20
283,2023-06-20 11:00:00-04:00,30.110000610351562,30.110000610351562,30.110000610351562,30.110000610351562,246,0.0,0.0,2023-06-20
284,2023-06-20 11:45:00-04:00,30.079999923706055,30.079999923706055,30.079999923706055,30.079999923706055,264,0.0,0.0,2023-06-20
285,2023-06-20 11:55:00-04:00,30.450000762939453,30.450000762939453,30.450000762939453,30.450000762939453,299,0.0,0.0,2023-06-20
286,2023-06-20 12:10:00-04:00,30.424999237060547,30.440000534057617,30.424999237060547,30.440000534057617,615,0.0,0.0,2023-06-20
287,2023-06-20 12:20:00-04:00,30.200000762939453,30.200000762939453,30.200000762939453,30.200000762939453,309,0.0,0.0,2023-06-20
288,2023-06-20 12:50:00-04:00,30.170000076293945,30.170000076293945,30.170000076293945,30.170000076293945,239,0.0,0.0,2023-06-20
289,2023-06-20 12:55:00-04:00,30.18000030517578,30.18000030517578,30.18000030517578,30.18000030517578,230,0.0,0.0,2023-06-20
290,2023-06-20 13:15:00-04:00,30.290000915527344,30.290000915527344,30.290000915527344,30.290000915527344,141,0.0,0.0,2023-06-20
291,2023-06-20 13:30:00-04:00,30.18000030517578,30.18000030517578,30.18000030517578,30.18000030517578,337,0.0,0.0,2023-06-20
292,2023-06-20 13:40:00-04:00,30.3799991607666,30.3799991607666,30.040000915527344,30.040000915527344,842,0.0,0.0,2023-06-20
293,2023-06-20 13:45:00-04:00,30.209999084472656,30.209999084472656,30.209999084472656,30.209999084472656,452,0.0,0.0,2023-06-20
294,2023-06-20 14:30:00-04:00,30.190000534057617,30.190000534057617,30.190000534057617,30.190000534057617,290,0.0,0.0,2023-06-20
295,2023-06-20 14:40:00-04:00,30.184999465942383,30.184999465942383,30.184999465942383,30.184999465942383,152,0.0,0.0,2023-06-20
296,2023-06-20 14:50:00-04:00,30.020000457763672,30.020000457763672,30.020000457763672,30.020000457763672,601,0.0,0.0,2023-06-20
297,2023-06-20 15:10:00-04:00,30.0,30.155000686645508,30.0,30.155000686645508,300,0.0,0.0,2023-06-20
298,2023-06-20 15:15:00-04:00,30.014999389648438,30.014999389648438,30.014999389648438,30.014999389648438,159,0.0,0.0,2023-06-20
299,2023-06-20 15:20:00-04:00,30.299999237060547,30.299999237060547,30.299999237060547,30.299999237060547,171,0.0,0.0,2023-06-20
300,2023-06-20 15:30:00-04:00,30.020000457763672,30.239999771118164,30.020000457763672,30.049999237060547,589,0.0,0.0,2023-06-20
301,2023-06-20 15:45:00-04:00,30.170000076293945,30.170000076293945,30.170000076293945,30.170000076293945,223,0.0,0.0,2023-06-20
302,2023-06-20 15:50:00-04:00,30.09000015258789,30.15999984741211,30.09000015258789,30.15999984741211,606,0.0,0.0,2023-06-20
303,2023-06-20 15:55:00-04:00,30.030000686645508,30.155000686645508,29.799999237060547,30.040000915527344,3513,0.0,0.0,2023-06-20
304,2023-06-21 09:30:00-04:00,29.93000030517578,29.93000030517578,29.93000030517578,29.93000030517578,0,0.0,0.0,2023-06-21
305,2023-06-21 10:35:00-04:00,30.389999389648438,30.399999618530273,29.19499969482422,29.749500274658203,1619,0.0,0.0,2023-06-21
306,2023-06-21 10:40:00-04:00,29.889999389648438,29.94499969482422,29.889999389648438,29.94499969482422,842,0.0,0.0,2023-06-21
307,2023-06-21 10:50:00-04:00,29.899999618530273,29.899999618530273,29.56279945373535,29.56279945373535,379,0.0,0.0,2023-06-21
308,2023-06-21 10:55:00-04:00,29.940000534057617,29.940000534057617,29.940000534057617,29.940000534057617,364,0.0,0.0,2023-06-21
309,2023-06-21 11:00:00-04:00,29.940000534057617,29.940000534057617,29.93000030517578,29.93000030517578,932,0.0,0.0,2023-06-21
310,2023-06-21 11:30:00-04:00,29.979999542236328,29.979999542236328,29.979999542236328,29.979999542236328,496,0.0,0.0,2023-06-21
311,2023-06-21 11:45:00-04:00,29.790000915527344,29.790000915527344,29.790000915527344,29.790000915527344,224,0.0,0.0,2023-06-21
312,2023-06-21 11:50:00-04:00,29.6299991607666,29.6299991607666,29.6299991607666,29.6299991607666,198,0.0,0.0,2023-06-21
313,2023-06-21 12:10:00-04:00,29.780000686645508,29.780000686645508,29.780000686645508,29.780000686645508,239,0.0,0.0,2023-06-21
314,2023-06-21 12:40:00-04:00,29.93000030517578,29.93000030517578,29.93000030517578,29.93000030517578,536,0.0,0.0,2023-06-21
315,2023-06-21 13:10:00-04:00,29.90999984741211,29.90999984741211,29.700000762939453,29.700000762939453,762,0.0,0.0,2023-06-21
316,2023-06-21 13:20:00-04:00,29.614999771118164,29.614999771118164,29.614999771118164,29.614999771118164,143,0.0,0.0,2023-06-21
317,2023-06-21 13:45:00-04:00,29.707000732421875,29.707000732421875,29.610000610351562,29.610000610351562,1306,0.0,0.0,2023-06-21
318,2023-06-21 14:15:00-04:00,29.610000610351562,29.610000610351562,29.610000610351562,29.610000610351562,406,0.0,0.0,2023-06-21
319,2023-06-21 14:45:00-04:00,29.610000610351562,29.610000610351562,29.610000610351562,29.610000610351562,780,0.0,0.0,2023-06-21
320,2023-06-21 15:00:00-04:00,29.3799991607666,29.3799991607666,29.3799991607666,29.3799991607666,248,0.0,0.0,2023-06-21
321,2023-06-21 15:05:00-04:00,29.3700008392334,29.459999084472656,29.3700008392334,29.459999084472656,679,0.0,0.0,2023-06-21
322,2023-06-21 15:20:00-04:00,29.25,29.25,29.25,29.25,235,0.0,0.0,2023-06-21
323,2023-06-21 15:30:00-04:00,29.1200008392334,29.25,29.1200008392334,29.25,409,0.0,0.0,2023-06-21
324,2023-06-21 15:35:00-04:00,29.045000076293945,29.045000076293945,29.045000076293945,29.045000076293945,129,0.0,0.0,2023-06-21
325,2023-06-21 15:40:00-04:00,29.479999542236328,29.479999542236328,29.479999542236328,29.479999542236328,103,0.0,0.0,2023-06-21
326,2023-06-21 15:50:00-04:00,29.479999542236328,29.479999542236328,29.100000381469727,29.100000381469727,893,0.0,0.0,2023-06-21
327,2023-06-21 15:55:00-04:00,29.40999984741211,29.420000076293945,29.079999923706055,29.280000686645508,2130,0.0,0.0,2023-06-21
328,2023-06-22 09:30:00-04:00,29.389999389648438,29.389999389648438,29.389999389648438,29.389999389648438,1143,0.0,0.0,2023-06-22
329,2023-06-22 09:50:00-04:00,29.049999237060547,29.200000762939453,28.540000915527344,28.540000915527344,1966,0.0,0.0,2023-06-22
330,2023-06-22 09:55:00-04:00,28.709999084472656,28.709999084472656,28.70039939880371,28.70039939880371,552,0.0,0.0,2023-06-22
331,2023-06-22 10:15:00-04:00,29.3700008392334,29.3700008392334,29.3700008392334,29.3700008392334,808,0.0,0.0,2023-06-22
332,2023-06-22 11:50:00-04:00,28.790000915527344,28.790000915527344,28.790000915527344,28.790000915527344,864,0.0,0.0,2023-06-22
333,2023-06-22 14:50:00-04:00,29.099899291992188,29.099899291992188,29.099899291992188,29.099899291992188,484,0.0,0.0,2023-06-22
334,2023-06-22 15:25:00-04:00,28.75,28.850000381469727,28.559999465942383,28.559999465942383,1479,0.0,0.0,2023-06-22
335,2023-06-22 15:55:00-04:00,28.709999084472656,28.799999237060547,28.639999389648438,28.719999313354492,2507,0.0,0.0,2023-06-22
336,2023-06-23 09:30:00-04:00,28.190000534057617,28.190000534057617,28.190000534057617,28.190000534057617,903,0.0,0.0,2023-06-23
337,2023-06-23 11:55:00-04:00,28.520000457763672,28.520000457763672,28.520000457763672,28.520000457763672,1200,0.0,0.0,2023-06-23
338,2023-06-23 14:10:00-04:00,28.440000534057617,28.440000534057617,28.440000534057617,28.440000534057617,307,0.0,0.0,2023-06-23
339,2023-06-23 14:30:00-04:00,28.450000762939453,28.450000762939453,28.450000762939453,28.450000762939453,644,0.0,0.0,2023-06-23
340,2023-06-23 14:45:00-04:00,28.209999084472656,28.209999084472656,28.209999084472656,28.209999084472656,923,0.0,0.0,2023-06-23
341,2023-06-23 15:00:00-04:00,28.209999084472656,28.209999084472656,28.209999084472656,28.209999084472656,247,0.0,0.0,2023-06-23
342,2023-06-23 15:05:00-04:00,28.11520004272461,28.11520004272461,28.11520004272461,28.11520004272461,259,0.0,0.0,2023-06-23
343,2023-06-23 15:20:00-04:00,28.229999542236328,28.229999542236328,28.229999542236328,28.229999542236328,503,0.0,0.0,2023-06-23
344,2023-06-23 15:30:00-04:00,28.18000030517578,28.18000030517578,28.18000030517578,28.18000030517578,277,0.0,0.0,2023-06-23
345,2023-06-23 15:35:00-04:00,28.024999618530273,28.389999389648438,28.024999618530273,28.389999389648438,4382,0.0,0.0,2023-06-23
346,2023-06-23 15:50:00-04:00,28.389999389648438,29.709999084472656,28.389999389648438,29.059999465942383,10675,0.0,0.0,2023-06-23
347,2023-06-23 15:55:00-04:00,29.40999984741211,29.56999969482422,29.299999237060547,29.299999237060547,10540,0.0,0.0,2023-06-23
348,2023-06-26 09:30:00-04:00,29.190000534057617,29.190000534057617,29.190000534057617,29.190000534057617,340,0.0,0.0,2023-06-26
349,2023-06-26 09:35:00-04:00,29.149999618530273,29.149999618530273,29.00749969482422,29.00749969482422,315,0.0,0.0,2023-06-26
350,2023-06-26 09:45:00-04:00,28.5,28.5,28.5,28.5,359,0.0,0.0,2023-06-26
351,2023-06-26 10:10:00-04:00,29.172500610351562,29.5,29.172500610351562,29.260000228881836,1286,0.0,0.0,2023-06-26
352,2023-06-26 10:35:00-04:00,28.75,29.25,28.75,28.75,1779,0.0,0.0,2023-06-26
353,2023-06-26 10:40:00-04:00,29.190000534057617,29.34000015258789,29.190000534057617,29.34000015258789,656,0.0,0.0,2023-06-26
354,2023-06-26 10:45:00-04:00,28.29010009765625,29.200000762939453,28.29010009765625,29.095500946044922,1992,0.0,0.0,2023-06-26
355,2023-06-26 10:55:00-04:00,29.299999237060547,29.510000228881836,29.299999237060547,29.510000228881836,682,0.0,0.0,2023-06-26
356,2023-06-26 11:00:00-04:00,29.395000457763672,29.399999618530273,29.15999984741211,29.399999618530273,1669,0.0,0.0,2023-06-26
357,2023-06-26 11:10:00-04:00,29.600000381469727,29.600000381469727,29.600000381469727,29.600000381469727,150,0.0,0.0,2023-06-26
358,2023-06-26 11:15:00-04:00,29.360000610351562,29.360000610351562,29.360000610351562,29.360000610351562,465,0.0,0.0,2023-06-26
359,2023-06-26 11:50:00-04:00,29.25,29.25,29.239999771118164,29.239999771118164,469,0.0,0.0,2023-06-26
360,2023-06-26 12:30:00-04:00,29.200000762939453,29.200000762939453,29.200000762939453,29.200000762939453,2223,0.0,0.0,2023-06-26
361,2023-06-26 12:40:00-04:00,28.850000381469727,29.65999984741211,28.850000381469727,29.43000030517578,2219,0.0,0.0,2023-06-26
362,2023-06-26 13:05:00-04:00,29.440000534057617,29.440000534057617,29.280000686645508,29.40999984741211,1104,0.0,0.0,2023-06-26
363,2023-06-26 13:15:00-04:00,29.420000076293945,29.420000076293945,29.310100555419922,29.310100555419922,1008,0.0,0.0,2023-06-26
364,2023-06-26 13:20:00-04:00,29.420000076293945,29.420000076293945,29.15239906311035,29.15239906311035,1259,0.0,0.0,2023-06-26
365,2023-06-26 13:30:00-04:00,29.389999389648438,29.709999084472656,29.389999389648438,29.709999084472656,386,0.0,0.0,2023-06-26
366,2023-06-26 13:35:00-04:00,29.420000076293945,29.420000076293945,29.420000076293945,29.420000076293945,346,0.0,0.0,2023-06-26
367,2023-06-26 14:00:00-04:00,29.211599349975586,29.211599349975586,29.211599349975586,29.211599349975586,208,0.0,0.0,2023-06-26
368,2023-06-26 14:05:00-04:00,28.90999984741211,28.90999984741211,28.90999984741211,28.90999984741211,925,0.0,0.0,2023-06-26
369,2023-06-26 14:10:00-04:00,29.299999237060547,29.299999237060547,29.299999237060547,29.299999237060547,140,0.0,0.0,2023-06-26
370,2023-06-26 14:45:00-04:00,29.31999969482422,29.617599487304688,29.31999969482422,29.617599487304688,1082,0.0,0.0,2023-06-26
371,2023-06-26 15:50:00-04:00,29.34000015258789,29.34000015258789,29.34000015258789,29.34000015258789,184,0.0,0.0,2023-06-26
372,2023-06-26 15:55:00-04:00,29.399999618530273,29.399999618530273,29.049999237060547,29.049999237060547,2055,0.0,0.0,2023-06-26
373,2023-06-27 10:35:00-04:00,29.059999465942383,29.059999465942383,29.059999465942383,29.059999465942383,414,0.0,0.0,2023-06-27
374,2023-06-27 10:45:00-04:00,28.969999313354492,29.450000762939453,28.96299934387207,29.450000762939453,3252,0.0,0.0,2023-06-27
375,2023-06-27 11:15:00-04:00,29.3799991607666,29.389999389648438,29.030000686645508,29.030000686645508,532,0.0,0.0,2023-06-27
376,2023-06-27 11:40:00-04:00,28.9950008392334,28.9950008392334,28.9950008392334,28.9950008392334,376,0.0,0.0,2023-06-27
377,2023-06-27 13:00:00-04:00,29.010000228881836,29.010000228881836,28.969999313354492,28.969999313354492,785,0.0,0.0,2023-06-27
378,2023-06-27 13:40:00-04:00,28.985000610351562,28.985000610351562,28.985000610351562,28.985000610351562,226,0.0,0.0,2023-06-27
379,2023-06-27 14:15:00-04:00,28.985000610351562,28.985000610351562,28.985000610351562,28.985000610351562,225,0.0,0.0,2023-06-27
380,2023-06-27 14:50:00-04:00,28.954999923706055,28.954999923706055,28.954999923706055,28.954999923706055,343,0.0,0.0,2023-06-27
381,2023-06-27 15:20:00-04:00,28.950000762939453,28.950000762939453,28.950000762939453,28.950000762939453,117,0.0,0.0,2023-06-27
382,2023-06-27 15:25:00-04:00,29.049999237060547,29.049999237060547,29.049999237060547,29.049999237060547,215,0.0,0.0,2023-06-27
383,2023-06-27 15:40:00-04:00,28.690000534057617,28.690000534057617,28.690000534057617,28.690000534057617,101,0.0,0.0,2023-06-27
384,2023-06-27 15:50:00-04:00,28.709999084472656,28.709999084472656,28.690000534057617,28.690000534057617,391,0.0,0.0,2023-06-27
385,2023-06-27 15:55:00-04:00,28.719999313354492,28.8799991607666,28.600000381469727,28.8799991607666,5317,0.0,0.0,2023-06-27
386,2023-06-28 09:30:00-04:00,28.670000076293945,28.670000076293945,27.90999984741211,28.09950065612793,3761,0.0,0.0,2023-06-28
387,2023-06-28 09:35:00-04:00,28.299999237060547,28.299999237060547,27.700000762939453,27.700000762939453,979,0.0,0.0,2023-06-28
388,2023-06-28 10:30:00-04:00,28.17639923095703,28.17639923095703,28.17639923095703,28.17639923095703,621,0.0,0.0,2023-06-28
389,2023-06-28 12:35:00-04:00,28.350000381469727,28.350000381469727,28.350000381469727,28.350000381469727,372,0.0,0.0,2023-06-28
390,2023-06-28 13:30:00-04:00,28.34000015258789,28.34000015258789,28.34000015258789,28.34000015258789,693,0.0,0.0,2023-06-28
391,2023-06-28 14:05:00-04:00,28.469999313354492,28.469999313354492,28.469999313354492,28.469999313354492,1350,0.0,0.0,2023-06-28
392,2023-06-28 15:50:00-04:00,28.290000915527344,28.290000915527344,28.290000915527344,28.290000915527344,117,0.0,0.0,2023-06-28
393,2023-06-28 15:55:00-04:00,28.28499984741211,28.649999618530273,28.28499984741211,28.510000228881836,1898,0.0,0.0,2023-06-28
394,2023-06-29 09:30:00-04:00,28.709999084472656,28.709999084472656,28.709999084472656,28.709999084472656,0,0.0,0.0,2023-06-29
395,2023-06-29 10:05:00-04:00,28.899999618530273,28.899999618530273,28.899999618530273,28.899999618530273,660,0.0,0.0,2023-06-29
396,2023-06-29 10:20:00-04:00,28.45199966430664,28.45199966430664,28.45199966430664,28.45199966430664,3937,0.0,0.0,2023-06-29
397,2023-06-29 11:40:00-04:00,28.520000457763672,28.520000457763672,28.520000457763672,28.520000457763672,437,0.0,0.0,2023-06-29
398,2023-06-29 12:20:00-04:00,28.84000015258789,28.84000015258789,28.84000015258789,28.84000015258789,390,0.0,0.0,2023-06-29
399,2023-06-29 13:05:00-04:00,28.549999237060547,28.610000610351562,28.549999237060547,28.559999465942383,924,0.0,0.0,2023-06-29
400,2023-06-29 13:15:00-04:00,28.739999771118164,28.75,28.739999771118164,28.739999771118164,938,0.0,0.0,2023-06-29
401,2023-06-29 13:35:00-04:00,28.889999389648438,28.889999389648438,28.889999389648438,28.889999389648438,574,0.0,0.0,2023-06-29
402,2023-06-29 15:50:00-04:00,28.899999618530273,29.020000457763672,28.899999618530273,29.0,989,0.0,0.0,2023-06-29
403,2023-06-29 15:55:00-04:00,28.59000015258789,28.940000534057617,28.565000534057617,28.940000534057617,1724,0.0,0.0,2023-06-29
404,2023-06-30 09:30:00-04:00,29.06999969482422,29.06999969482422,29.06999969482422,29.06999969482422,180,0.0,0.0,2023-06-30
405,2023-06-30 09:55:00-04:00,28.250099182128906,28.250099182128906,28.250099182128906,28.250099182128906,411,0.0,0.0,2023-06-30
406,2023-06-30 10:55:00-04:00,28.639999389648438,28.639999389648438,28.639999389648438,28.639999389648438,101,0.0,0.0,2023-06-30
407,2023-06-30 11:00:00-04:00,28.3799991607666,28.3799991607666,28.3799991607666,28.3799991607666,116,0.0,0.0,2023-06-30
408,2023-06-30 11:35:00-04:00,28.579999923706055,28.579999923706055,28.579999923706055,28.579999923706055,201,0.0,0.0,2023-06-30
409,2023-06-30 11:55:00-04:00,28.729999542236328,28.729999542236328,28.729999542236328,28.729999542236328,279,0.0,0.0,2023-06-30
410,2023-06-30 12:40:00-04:00,28.684999465942383,28.684999465942383,28.684999465942383,28.684999465942383,508,0.0,0.0,2023-06-30
411,2023-06-30 13:00:00-04:00,28.739999771118164,28.739999771118164,28.739999771118164,28.739999771118164,450,0.0,0.0,2023-06-30
412,2023-06-30 13:40:00-04:00,28.670000076293945,28.670000076293945,28.670000076293945,28.670000076293945,202,0.0,0.0,2023-06-30
413,2023-06-30 14:20:00-04:00,28.6200008392334,28.6200008392334,28.6200008392334,28.6200008392334,124,0.0,0.0,2023-06-30
414,2023-06-30 14:50:00-04:00,28.829999923706055,28.829999923706055,28.829999923706055,28.829999923706055,362,0.0,0.0,2023-06-30
415,2023-06-30 15:10:00-04:00,28.850000381469727,28.850000381469727,28.850000381469727,28.850000381469727,251,0.0,0.0,2023-06-30
416,2023-06-30 15:15:00-04:00,28.934999465942383,28.934999465942383,28.934999465942383,28.934999465942383,201,0.0,0.0,2023-06-30
417,2023-06-30 15:50:00-04:00,28.75,28.780000686645508,28.75,28.75,764,0.0,0.0,2023-06-30
418,2023-06-30 15:55:00-04:00,28.764999389648438,29.290000915527344,28.614999771118164,29.290000915527344,10669,0.0,0.0,2023-06-30
419,2023-07-03 09:30:00-04:00,28.940000534057617,28.940000534057617,28.899999618530273,28.899999618530273,683,0.0,0.0,2023-07-03
420,2023-07-05 09:30:00-04:00,28.93000030517578,28.93000030517578,28.899999618530273,28.899999618530273,0,0.0,0.0,2023-07-05
421,2023-07-05 09:45:00-04:00,29.0,29.0,29.0,29.0,619,0.0,0.0,2023-07-05
422,2023-07-05 10:05:00-04:00,28.704999923706055,28.704999923706055,28.704999923706055,28.704999923706055,356,0.0,0.0,2023-07-05
423,2023-07-05 11:10:00-04:00,28.3799991607666,28.3799991607666,28.3799991607666,28.3799991607666,546,0.0,0.0,2023-07-05
424,2023-07-05 11:40:00-04:00,28.65999984741211,28.65999984741211,28.43000030517578,28.43000030517578,1002,0.0,0.0,2023-07-05
425,2023-07-05 11:50:00-04:00,28.540000915527344,28.540000915527344,28.540000915527344,28.540000915527344,371,0.0,0.0,2023-07-05
426,2023-07-05 12:00:00-04:00,28.719999313354492,28.719999313354492,28.719999313354492,28.719999313354492,313,0.0,0.0,2023-07-05
427,2023-07-05 12:25:00-04:00,28.469999313354492,28.469999313354492,28.469999313354492,28.469999313354492,104,0.0,0.0,2023-07-05
428,2023-07-05 12:30:00-04:00,28.399999618530273,28.5,28.399999618530273,28.5,302,0.0,0.0,2023-07-05
429,2023-07-05 13:00:00-04:00,28.510000228881836,28.510000228881836,28.510000228881836,28.510000228881836,134,0.0,0.0,2023-07-05
430,2023-07-05 13:10:00-04:00,28.5,28.549999237060547,28.5,28.510000228881836,769,0.0,0.0,2023-07-05
431,2023-07-05 13:15:00-04:00,28.600000381469727,28.600000381469727,28.600000381469727,28.600000381469727,141,0.0,0.0,2023-07-05
432,2023-07-05 13:20:00-04:00,28.494600296020508,28.494600296020508,28.494600296020508,28.494600296020508,220,0.0,0.0,2023-07-05
433,2023-07-05 13:25:00-04:00,28.489999771118164,28.489999771118164,28.489999771118164,28.489999771118164,267,0.0,0.0,2023-07-05
434,2023-07-05 13:40:00-04:00,28.5049991607666,28.549999237060547,28.5049991607666,28.549999237060547,604,0.0,0.0,2023-07-05
435,2023-07-05 14:05:00-04:00,28.6200008392334,28.6200008392334,28.6200008392334,28.6200008392334,616,0.0,0.0,2023-07-05
436,2023-07-05 14:15:00-04:00,28.6299991607666,28.6299991607666,28.6299991607666,28.6299991607666,697,0.0,0.0,2023-07-05
437,2023-07-05 14:55:00-04:00,28.68000030517578,28.68000030517578,28.68000030517578,28.68000030517578,341,0.0,0.0,2023-07-05
438,2023-07-05 15:15:00-04:00,28.709999084472656,28.709999084472656,28.709999084472656,28.709999084472656,284,0.0,0.0,2023-07-05
439,2023-07-05 15:30:00-04:00,28.700000762939453,28.700000762939453,28.700000762939453,28.700000762939453,788,0.0,0.0,2023-07-05
440,2023-07-05 15:45:00-04:00,28.559999465942383,28.559999465942383,28.549999237060547,28.559999465942383,562,0.0,0.0,2023-07-05
441,2023-07-05 15:55:00-04:00,28.520000457763672,28.520000457763672,28.40999984741211,28.43000030517578,1942,0.0,0.0,2023-07-05
442,2023-07-06 09:30:00-04:00,28.299999237060547,28.299999237060547,28.299999237060547,28.299999237060547,568,0.0,0.0,2023-07-06
443,2023-07-06 10:20:00-04:00,27.690000534057617,27.690000534057617,27.690000534057617,27.690000534057617,1727,0.0,0.0,2023-07-06
444,2023-07-06 11:25:00-04:00,27.149999618530273,27.149999618530273,27.149999618530273,27.149999618530273,371,0.0,0.0,2023-07-06
445,2023-07-06 12:25:00-04:00,27.65999984741211,27.65999984741211,27.65999984741211,27.65999984741211,346,0.0,0.0,2023-07-06
446,2023-07-06 12:35:00-04:00,27.6299991607666,27.844999313354492,27.6299991607666,27.844999313354492,372,0.0,0.0,2023-07-06
447,2023-07-06 13:30:00-04:00,27.6299991607666,27.6299991607666,27.6299991607666,27.6299991607666,161,0.0,0.0,2023-07-06
448,2023-07-06 13:35:00-04:00,27.985000610351562,27.985000610351562,27.985000610351562,27.985000610351562,1083,0.0,0.0,2023-07-06
449,2023-07-06 13:40:00-04:00,27.799999237060547,27.799999237060547,27.799999237060547,27.799999237060547,398,0.0,0.0,2023-07-06
450,2023-07-06 14:15:00-04:00,27.886499404907227,27.886499404907227,27.78499984741211,27.78499984741211,1163,0.0,0.0,2023-07-06
451,2023-07-06 15:30:00-04:00,27.5,27.5,27.354999542236328,27.354999542236328,722,0.0,0.0,2023-07-06
452,2023-07-06 15:50:00-04:00,27.5,27.5,27.479999542236328,27.479999542236328,778,0.0,0.0,2023-07-06
453,2023-07-06 15:55:00-04:00,27.399999618530273,27.399999618530273,27.389999389648438,27.389999389648438,1578,0.0,0.0,2023-07-06
454,2023-07-07 09:30:00-04:00,27.549999237060547,27.549999237060547,27.549999237060547,27.549999237060547,1818,0.0,0.0,2023-07-07
455,2023-07-07 11:20:00-04:00,28.264999389648438,28.389999389648438,28.264999389648438,28.389999389648438,844,0.0,0.0,2023-07-07
456,2023-07-07 12:10:00-04:00,28.469999313354492,28.479999542236328,28.469999313354492,28.479999542236328,607,0.0,0.0,2023-07-07
457,2023-07-07 13:30:00-04:00,28.485000610351562,28.485000610351562,28.485000610351562,28.485000610351562,167,0.0,0.0,2023-07-07
458,2023-07-07 13:45:00-04:00,28.489999771118164,28.549999237060547,28.489999771118164,28.549999237060547,928,0.0,0.0,2023-07-07
459,2023-07-07 15:00:00-04:00,28.639999389648438,28.639999389648438,28.639999389648438,28.639999389648438,264,0.0,0.0,2023-07-07
460,2023-07-07 15:10:00-04:00,28.719999313354492,28.729999542236328,28.540000915527344,28.690000534057617,613,0.0,0.0,2023-07-07
461,2023-07-07 15:15:00-04:00,28.59000015258789,28.639999389648438,28.59000015258789,28.639999389648438,1253,0.0,0.0,2023-07-07
462,2023-07-07 15:40:00-04:00,28.690000534057617,28.690000534057617,28.690000534057617,28.690000534057617,207,0.0,0.0,2023-07-07
463,2023-07-07 15:50:00-04:00,28.799999237060547,28.829999923706055,28.799999237060547,28.829999923706055,1359,0.0,0.0,2023-07-07
464,2023-07-07 15:55:00-04:00,28.920000076293945,28.93000030517578,28.75,28.75,3357,0.0,0.0,2023-07-07
465,2023-07-10 09:30:00-04:00,28.510000228881836,28.510000228881836,28.510000228881836,28.510000228881836,0,0.0,0.0,2023-07-10
466,2023-07-10 12:25:00-04:00,28.665000915527344,28.665000915527344,28.665000915527344,28.665000915527344,155,0.0,0.0,2023-07-10
467,2023-07-10 13:00:00-04:00,28.75,28.75,28.75,28.75,402,0.0,0.0,2023-07-10
468,2023-07-10 15:20:00-04:00,28.665000915527344,28.815000534057617,28.665000915527344,28.815000534057617,1253,0.0,0.0,2023-07-10
469,2023-07-10 15:25:00-04:00,28.510000228881836,28.510000228881836,28.510000228881836,28.510000228881836,187,0.0,0.0,2023-07-10
470,2023-07-10 15:50:00-04:00,28.600000381469727,28.600000381469727,28.600000381469727,28.600000381469727,147,0.0,0.0,2023-07-10
471,2023-07-10 15:55:00-04:00,28.690000534057617,28.770000457763672,28.510000228881836,28.690000534057617,1165,0.0,0.0,2023-07-10
472,2023-07-11 10:45:00-04:00,29.749900817871094,29.749900817871094,29.030000686645508,29.030000686645508,499,0.0,0.0,2023-07-11
473,2023-07-11 10:55:00-04:00,29.489999771118164,29.489999771118164,29.489999771118164,29.489999771118164,106,0.0,0.0,2023-07-11
474,2023-07-11 11:00:00-04:00,29.489999771118164,29.489999771118164,29.489999771118164,29.489999771118164,458,0.0,0.0,2023-07-11
475,2023-07-11 11:10:00-04:00,29.229999542236328,29.229999542236328,29.229999542236328,29.229999542236328,626,0.0,0.0,2023-07-11
476,2023-07-11 11:45:00-04:00,29.229999542236328,29.229999542236328,29.229999542236328,29.229999542236328,611,0.0,0.0,2023-07-11
477,2023-07-11 14:00:00-04:00,29.15999984741211,29.15999984741211,29.15999984741211,29.15999984741211,1057,0.0,0.0,2023-07-11
478,2023-07-11 14:30:00-04:00,29.31999969482422,29.31999969482422,28.90999984741211,28.90999984741211,332,0.0,0.0,2023-07-11
479,2023-07-11 14:40:00-04:00,29.350000381469727,29.350000381469727,29.350000381469727,29.350000381469727,104,0.0,0.0,2023-07-11
480,2023-07-11 14:45:00-04:00,29.000099182128906,29.000099182128906,29.000099182128906,29.000099182128906,935,0.0,0.0,2023-07-11
481,2023-07-11 14:55:00-04:00,29.239999771118164,29.280000686645508,29.239999771118164,29.280000686645508,1068,0.0,0.0,2023-07-11
482,2023-07-11 15:20:00-04:00,29.349000930786133,29.349000930786133,29.200000762939453,29.200000762939453,486,0.0,0.0,2023-07-11
483,2023-07-11 15:40:00-04:00,29.469999313354492,29.469999313354492,29.469999313354492,29.469999313354492,100,0.0,0.0,2023-07-11
484,2023-07-11 15:50:00-04:00,29.34000015258789,29.34000015258789,29.34000015258789,29.34000015258789,364,0.0,0.0,2023-07-11
485,2023-07-11 15:55:00-04:00,29.270000457763672,29.530000686645508,29.270000457763672,29.299999237060547,3251,0.0,0.0,2023-07-11
486,2023-07-12 09:30:00-04:00,29.549999237060547,29.549999237060547,29.549999237060547,29.549999237060547,2167,0.0,0.0,2023-07-12
487,2023-07-12 11:50:00-04:00,29.5,29.5,29.489999771118164,29.5,1177,0.0,0.0,2023-07-12
488,2023-07-12 12:15:00-04:00,29.479999542236328,29.479999542236328,29.479999542236328,29.479999542236328,107,0.0,0.0,2023-07-12
489,2023-07-12 12:25:00-04:00,29.489999771118164,29.489999771118164,29.489999771118164,29.489999771118164,100,0.0,0.0,2023-07-12
490,2023-07-12 12:40:00-04:00,29.5,29.5,29.350000381469727,29.350000381469727,757,0.0,0.0,2023-07-12
491,2023-07-12 12:50:00-04:00,29.600000381469727,29.704999923706055,29.600000381469727,29.605199813842773,504,0.0,0.0,2023-07-12
492,2023-07-12 12:55:00-04:00,29.704999923706055,29.704999923706055,29.704999923706055,29.704999923706055,101,0.0,0.0,2023-07-12
493,2023-07-12 13:00:00-04:00,29.739999771118164,29.7450008392334,29.739999771118164,29.7450008392334,206,0.0,0.0,2023-07-12
494,2023-07-12 13:05:00-04:00,29.75,29.75,29.739999771118164,29.75,400,0.0,0.0,2023-07-12
495,2023-07-12 13:10:00-04:00,29.760000228881836,29.760000228881836,29.760000228881836,29.760000228881836,256,0.0,0.0,2023-07-12
496,2023-07-12 13:35:00-04:00,29.790000915527344,29.809999465942383,29.790000915527344,29.809999465942383,777,0.0,0.0,2023-07-12
497,2023-07-12 13:50:00-04:00,29.985000610351562,29.989999771118164,29.985000610351562,29.989999771118164,200,0.0,0.0,2023-07-12
498,2023-07-12 14:00:00-04:00,29.989999771118164,29.989999771118164,29.989999771118164,29.989999771118164,267,0.0,0.0,2023-07-12
499,2023-07-12 14:15:00-04:00,29.979999542236328,30.354999542236328,29.979999542236328,30.260000228881836,2053,0.0,0.0,2023-07-12
500,2023-07-12 14:20:00-04:00,30.280000686645508,30.280000686645508,30.280000686645508,30.280000686645508,109,0.0,0.0,2023-07-12
501,2023-07-12 15:00:00-04:00,30.200000762939453,30.219999313354492,30.200000762939453,30.219999313354492,451,0.0,0.0,2023-07-12
502,2023-07-12 15:45:00-04:00,30.15999984741211,30.15999984741211,30.1299991607666,30.1299991607666,606,0.0,0.0,2023-07-12
503,2023-07-12 15:50:00-04:00,30.139999389648438,30.280000686645508,30.100500106811523,30.19499969482422,1341,0.0,0.0,2023-07-12
504,2023-07-12 15:55:00-04:00,30.19499969482422,30.530000686645508,30.19499969482422,30.360000610351562,2645,0.0,0.0,2023-07-12
505,2023-07-13 09:30:00-04:00,30.399999618530273,30.399999618530273,30.399999618530273,30.399999618530273,1729,0.0,0.0,2023-07-13
506,2023-07-13 11:55:00-04:00,30.379499435424805,30.379499435424805,30.379499435424805,30.379499435424805,143,0.0,0.0,2023-07-13
507,2023-07-13 14:00:00-04:00,30.270000457763672,30.270000457763672,30.270000457763672,30.270000457763672,406,0.0,0.0,2023-07-13
508,2023-07-13 14:40:00-04:00,30.25,30.25,30.25,30.25,262,0.0,0.0,2023-07-13
509,2023-07-13 14:55:00-04:00,30.34000015258789,30.34000015258789,30.34000015258789,30.34000015258789,1046,0.0,0.0,2023-07-13
510,2023-07-13 15:50:00-04:00,30.970699310302734,30.970699310302734,30.970699310302734,30.970699310302734,103,0.0,0.0,2023-07-13
511,2023-07-13 15:55:00-04:00,30.65999984741211,30.780000686645508,30.15999984741211,30.15999984741211,1321,0.0,0.0,2023-07-13
512,2023-07-14 09:30:00-04:00,30.8799991607666,30.8799991607666,30.8799991607666,30.8799991607666,1853,0.0,0.0,2023-07-14
513,2023-07-14 11:45:00-04:00,29.520000457763672,29.84000015258789,29.520000457763672,29.84000015258789,670,0.0,0.0,2023-07-14
514,2023-07-14 13:40:00-04:00,30.010000228881836,30.010000228881836,30.010000228881836,30.010000228881836,112,0.0,0.0,2023-07-14
515,2023-07-14 13:55:00-04:00,29.889999389648438,29.889999389648438,29.889999389648438,29.889999389648438,370,0.0,0.0,2023-07-14
516,2023-07-14 14:05:00-04:00,29.75,29.75,29.75,29.75,221,0.0,0.0,2023-07-14
517,2023-07-14 14:30:00-04:00,29.6299991607666,29.6299991607666,29.6299991607666,29.6299991607666,156,0.0,0.0,2023-07-14
518,2023-07-14 14:35:00-04:00,29.760000228881836,29.79800033569336,29.760000228881836,29.79800033569336,218,0.0,0.0,2023-07-14
519,2023-07-14 14:45:00-04:00,29.760000228881836,29.760000228881836,29.760000228881836,29.760000228881836,143,0.0,0.0,2023-07-14
520,2023-07-14 15:10:00-04:00,29.68000030517578,29.68000030517578,29.68000030517578,29.68000030517578,269,0.0,0.0,2023-07-14
521,2023-07-14 15:30:00-04:00,29.709999084472656,29.709999084472656,29.709999084472656,29.709999084472656,296,0.0,0.0,2023-07-14
522,2023-07-14 15:45:00-04:00,29.59000015258789,29.59000015258789,29.59000015258789,29.59000015258789,104,0.0,0.0,2023-07-14
523,2023-07-14 15:50:00-04:00,29.71500015258789,29.71500015258789,29.71500015258789,29.71500015258789,152,0.0,0.0,2023-07-14
524,2023-07-14 15:55:00-04:00,29.59000015258789,29.711000442504883,29.559999465942383,29.711000442504883,1321,0.0,0.0,2023-07-14
525,2023-07-17 10:25:00-04:00,30.139999389648438,30.139999389648438,30.139999389648438,30.139999389648438,644,0.0,0.0,2023-07-17
526,2023-07-17 10:40:00-04:00,30.049999237060547,30.09000015258789,30.049999237060547,30.09000015258789,935,0.0,0.0,2023-07-17
527,2023-07-17 10:50:00-04:00,30.440000534057617,30.440000534057617,30.440000534057617,30.440000534057617,131,0.0,0.0,2023-07-17
528,2023-07-17 11:25:00-04:00,30.399999618530273,30.399999618530273,29.674699783325195,29.674699783325195,5932,0.0,0.0,2023-07-17
529,2023-07-17 11:35:00-04:00,30.760000228881836,30.760000228881836,30.760000228881836,30.760000228881836,539,0.0,0.0,2023-07-17
530,2023-07-17 12:30:00-04:00,29.850000381469727,30.414100646972656,29.850000381469727,30.414100646972656,1029,0.0,0.0,2023-07-17
531,2023-07-17 12:40:00-04:00,30.88990020751953,30.88990020751953,30.88990020751953,30.88990020751953,224,0.0,0.0,2023-07-17
532,2023-07-17 13:15:00-04:00,30.440000534057617,30.440000534057617,30.440000534057617,30.440000534057617,1227,0.0,0.0,2023-07-17
533,2023-07-17 14:25:00-04:00,30.5,30.510000228881836,30.5,30.510000228881836,854,0.0,0.0,2023-07-17
534,2023-07-17 15:45:00-04:00,30.079999923706055,30.079999923706055,29.760099411010742,29.760099411010742,1968,0.0,0.0,2023-07-17
535,2023-07-17 15:50:00-04:00,29.915000915527344,30.06999969482422,29.915000915527344,29.969999313354492,2289,0.0,0.0,2023-07-17
536,2023-07-17 15:55:00-04:00,30.280000686645508,30.280000686645508,29.969999313354492,29.969999313354492,1148,0.0,0.0,2023-07-17
537,2023-07-18 10:00:00-04:00,30.270000457763672,30.270000457763672,30.270000457763672,30.270000457763672,1121,0.0,0.0,2023-07-18
538,2023-07-18 10:20:00-04:00,30.459999084472656,30.459999084472656,29.770099639892578,30.385000228881836,969,0.0,0.0,2023-07-18
539,2023-07-18 10:45:00-04:00,30.010000228881836,30.06999969482422,30.010000228881836,30.06999969482422,731,0.0,0.0,2023-07-18
540,2023-07-18 12:25:00-04:00,30.559999465942383,30.6200008392334,30.3799991607666,30.6200008392334,3407,0.0,0.0,2023-07-18
541,2023-07-18 12:45:00-04:00,30.6200008392334,30.6200008392334,30.6200008392334,30.6200008392334,152,0.0,0.0,2023-07-18
542,2023-07-18 13:00:00-04:00,30.670000076293945,30.670000076293945,30.670000076293945,30.670000076293945,739,0.0,0.0,2023-07-18
543,2023-07-18 15:50:00-04:00,30.709999084472656,30.985000610351562,30.68000030517578,30.809999465942383,1911,0.0,0.0,2023-07-18
544,2023-07-18 15:55:00-04:00,30.684999465942383,30.684999465942383,30.43000030517578,30.43000030517578,3578,0.0,0.0,2023-07-18
545,2023-07-19 09:30:00-04:00,30.43000030517578,30.43000030517578,30.43000030517578,30.43000030517578,474,0.0,0.0,2023-07-19
546,2023-07-19 11:40:00-04:00,30.850000381469727,30.850000381469727,30.850000381469727,30.850000381469727,430,0.0,0.0,2023-07-19
547,2023-07-19 12:20:00-04:00,31.0,31.0,30.989999771118164,31.0,1873,0.0,0.0,2023-07-19
548,2023-07-19 12:25:00-04:00,31.15999984741211,31.15999984741211,31.15999984741211,31.15999984741211,406,0.0,0.0,2023-07-19
549,2023-07-19 12:35:00-04:00,31.21500015258789,31.21500015258789,31.21500015258789,31.21500015258789,215,0.0,0.0,2023-07-19
550,2023-07-19 12:50:00-04:00,31.260000228881836,31.260000228881836,31.260000228881836,31.260000228881836,689,0.0,0.0,2023-07-19
551,2023-07-19 14:40:00-04:00,31.5,31.5,31.5,31.5,139,0.0,0.0,2023-07-19
552,2023-07-19 14:45:00-04:00,31.83650016784668,31.83650016784668,31.83650016784668,31.83650016784668,132,0.0,0.0,2023-07-19
553,2023-07-19 14:50:00-04:00,31.489999771118164,31.489999771118164,31.489999771118164,31.489999771118164,497,0.0,0.0,2023-07-19
554,2023-07-19 15:15:00-04:00,31.65999984741211,31.65999984741211,31.65999984741211,31.65999984741211,242,0.0,0.0,2023-07-19
555,2023-07-19 15:25:00-04:00,30.8799991607666,30.8799991607666,30.8799991607666,30.8799991607666,405,0.0,0.0,2023-07-19
556,2023-07-19 15:55:00-04:00,31.329999923706055,31.329999923706055,30.969999313354492,31.010000228881836,2820,0.0,0.0,2023-07-19
557,2023-07-20 09:30:00-04:00,31.0,31.0,31.0,31.0,1501,0.0,0.0,2023-07-20
558,2023-07-20 11:30:00-04:00,30.799999237060547,30.799999237060547,30.799999237060547,30.799999237060547,840,0.0,0.0,2023-07-20
559,2023-07-20 13:10:00-04:00,31.100000381469727,31.100000381469727,31.100000381469727,31.100000381469727,133,0.0,0.0,2023-07-20
560,2023-07-20 13:15:00-04:00,31.0,31.18000030517578,31.0,31.18000030517578,384,0.0,0.0,2023-07-20
561,2023-07-20 13:25:00-04:00,31.18000030517578,31.18000030517578,31.149999618530273,31.149999618530273,464,0.0,0.0,2023-07-20
562,2023-07-20 13:40:00-04:00,31.15999984741211,31.15999984741211,31.15999984741211,31.15999984741211,724,0.0,0.0,2023-07-20
563,2023-07-20 14:15:00-04:00,31.450000762939453,31.450000762939453,31.450000762939453,31.450000762939453,128,0.0,0.0,2023-07-20
564,2023-07-20 14:20:00-04:00,31.450000762939453,31.450000762939453,31.450000762939453,31.450000762939453,139,0.0,0.0,2023-07-20
565,2023-07-20 14:30:00-04:00,31.43000030517578,31.489999771118164,31.43000030517578,31.489999771118164,441,0.0,0.0,2023-07-20
566,2023-07-20 14:35:00-04:00,31.459999084472656,31.479999542236328,31.459999084472656,31.479999542236328,221,0.0,0.0,2023-07-20
567,2023-07-20 14:40:00-04:00,31.479999542236328,31.479999542236328,31.479999542236328,31.479999542236328,485,0.0,0.0,2023-07-20
568,2023-07-20 14:55:00-04:00,31.3700008392334,31.459999084472656,31.3700008392334,31.459999084472656,221,0.0,0.0,2023-07-20
569,2023-07-20 15:00:00-04:00,31.489999771118164,31.489999771118164,31.489999771118164,31.489999771118164,150,0.0,0.0,2023-07-20
570,2023-07-20 15:05:00-04:00,31.489999771118164,31.489999771118164,31.489999771118164,31.489999771118164,101,0.0,0.0,2023-07-20
571,2023-07-20 15:10:00-04:00,31.489999771118164,31.489999771118164,31.489999771118164,31.489999771118164,127,0.0,0.0,2023-07-20
572,2023-07-20 15:15:00-04:00,31.489999771118164,31.489999771118164,31.489999771118164,31.489999771118164,262,0.0,0.0,2023-07-20
573,2023-07-20 15:25:00-04:00,31.479999542236328,31.489999771118164,31.479999542236328,31.489999771118164,535,0.0,0.0,2023-07-20
574,2023-07-20 15:35:00-04:00,31.469999313354492,31.530000686645508,31.469999313354492,31.5,503,0.0,0.0,2023-07-20
575,2023-07-20 15:40:00-04:00,31.815000534057617,31.815000534057617,31.815000534057617,31.815000534057617,141,0.0,0.0,2023-07-20
576,2023-07-20 15:45:00-04:00,31.850000381469727,31.899999618530273,31.799999237060547,31.799999237060547,316,0.0,0.0,2023-07-20
577,2023-07-20 15:50:00-04:00,31.6299991607666,31.7450008392334,31.600000381469727,31.7450008392334,1076,0.0,0.0,2023-07-20
578,2023-07-20 15:55:00-04:00,31.93000030517578,31.969999313354492,31.8700008392334,31.969999313354492,3017,0.0,0.0,2023-07-20
579,2023-07-21 09:30:00-04:00,31.989999771118164,31.989999771118164,31.989999771118164,31.989999771118164,5436,0.0,0.0,2023-07-21
580,2023-07-21 15:05:00-04:00,31.604999542236328,31.604999542236328,31.604999542236328,31.604999542236328,100,0.0,0.0,2023-07-21
581,2023-07-21 15:20:00-04:00,31.264999389648438,31.264999389648438,31.264999389648438,31.264999389648438,495,0.0,0.0,2023-07-21
582,2023-07-21 15:55:00-04:00,31.704999923706055,31.704999923706055,31.5,31.5,669,0.0,0.0,2023-07-21
