,Timestamp,Open,High,Low,Close,Adj Close,Volume,Dividends,Stock Splits,Capital Gains,Date
0,2023-06-26 08:00:00+01:00,4.906700134277344,4.906700134277344,4.906700134277344,4.906700134277344,,0.0,0.0,0.0,0.0,2023-06-26
1,2023-06-26 08:04:00+01:00,4.946499824523926,4.946499824523926,4.946499824523926,4.946499824523926,,1.0,0.0,0.0,0.0,2023-06-26
2,2023-06-26 08:34:00+01:00,4.893099784851074,4.893099784851074,4.893099784851074,4.893099784851074,,360.0,0.0,0.0,0.0,2023-06-26
3,2023-06-26 09:31:00+01:00,4.886960029602051,4.886960029602051,4.886960029602051,4.886960029602051,,3.0,0.0,0.0,0.0,2023-06-26
4,2023-06-26 09:32:00+01:00,4.887700080871582,4.887700080871582,4.887700080871582,4.887700080871582,,1400.0,0.0,0.0,0.0,2023-06-26
5,2023-06-26 09:36:00+01:00,4.900000095367432,4.900000095367432,4.900000095367432,4.900000095367432,,3240.0,0.0,0.0,0.0,2023-06-26
6,2023-06-26 09:52:00+01:00,4.88100004196167,4.88100004196167,4.88100004196167,4.88100004196167,,0.0,0.0,0.0,0.0,2023-06-26
7,2023-06-26 10:00:00+01:00,4.884099960327148,4.884099960327148,4.884099960327148,4.884099960327148,,487.0,0.0,0.0,0.0,2023-06-26
8,2023-06-26 10:05:00+01:00,4.891940116882324,4.891940116882324,4.891940116882324,4.891940116882324,,6.0,0.0,0.0,0.0,2023-06-26
9,2023-06-26 10:27:00+01:00,4.89300012588501,4.89300012588501,4.89300012588501,4.89300012588501,,3.0,0.0,0.0,0.0,2023-06-26
10,2023-06-26 10:44:00+01:00,4.8979997634887695,4.8979997634887695,4.8979997634887695,4.8979997634887695,,26397.0,0.0,0.0,0.0,2023-06-26
11,2023-06-26 11:54:00+01:00,4.906300067901611,4.906300067901611,4.906300067901611,4.906300067901611,,20.0,0.0,0.0,0.0,2023-06-26
12,2023-06-26 14:17:00+01:00,4.9120001792907715,4.9120001792907715,4.910749912261963,4.910749912261963,,32007.0,0.0,0.0,0.0,2023-06-26
13,2023-06-27 08:00:00+01:00,4.896999835968018,4.896999835968018,4.896999835968018,4.896999835968018,,4444.0,0.0,0.0,0.0,2023-06-27
14,2023-06-27 08:01:00+01:00,4.9105000495910645,4.9105000495910645,4.9105000495910645,4.9105000495910645,,10000.0,0.0,0.0,0.0,2023-06-27
15,2023-06-27 08:08:00+01:00,4.920000076293945,4.920000076293945,4.920000076293945,4.920000076293945,,4000.0,0.0,0.0,0.0,2023-06-27
16,2023-06-27 08:14:00+01:00,4.935500144958496,4.935500144958496,4.935500144958496,4.935500144958496,,0.0,0.0,0.0,0.0,2023-06-27
17,2023-06-27 08:36:00+01:00,4.922299861907959,4.922299861907959,4.922299861907959,4.922299861907959,,0.0,0.0,0.0,0.0,2023-06-27
18,2023-06-27 08:43:00+01:00,4.920499801635742,4.920499801635742,4.920499801635742,4.920499801635742,,1620.0,0.0,0.0,0.0,2023-06-27
19,2023-06-27 09:08:00+01:00,4.921000003814697,4.921000003814697,4.921000003814697,4.921000003814697,,53.0,0.0,0.0,0.0,2023-06-27
20,2023-06-27 09:09:00+01:00,4.921000003814697,4.921000003814697,4.921000003814697,4.921000003814697,,5.0,0.0,0.0,0.0,2023-06-27
21,2023-06-27 10:06:00+01:00,4.916800022125244,4.916800022125244,4.916800022125244,4.916800022125244,,50.0,0.0,0.0,0.0,2023-06-27
22,2023-06-27 10:32:00+01:00,4.911049842834473,4.911049842834473,4.911049842834473,4.911049842834473,,1.0,0.0,0.0,0.0,2023-06-27
23,2023-06-27 11:40:00+01:00,4.915299892425537,4.915299892425537,4.915299892425537,4.915299892425537,,1090.0,0.0,0.0,0.0,2023-06-27
24,2023-06-27 12:26:00+01:00,4.912950038909912,4.912950038909912,4.912950038909912,4.912950038909912,,0.0,0.0,0.0,0.0,2023-06-27
25,2023-06-27 12:52:00+01:00,4.903200149536133,4.903200149536133,4.903200149536133,4.903200149536133,,407.0,0.0,0.0,0.0,2023-06-27
26,2023-06-27 15:51:00+01:00,4.92195987701416,4.92195987701416,4.92195987701416,4.92195987701416,,4.0,0.0,0.0,0.0,2023-06-27
27,2023-06-28 08:12:00+01:00,4.934999942779541,4.934999942779541,4.934999942779541,4.934999942779541,,0.0,0.0,0.0,0.0,2023-06-28
28,2023-06-28 10:00:00+01:00,4.9410600662231445,4.9410600662231445,4.9410600662231445,4.9410600662231445,,1.0,0.0,0.0,0.0,2023-06-28
29,2023-06-28 10:01:00+01:00,4.941539764404297,4.941539764404297,4.941539764404297,4.941539764404297,,1.0,0.0,0.0,0.0,2023-06-28
30,2023-06-28 13:36:00+01:00,4.961999893188477,4.961999893188477,4.961999893188477,4.961999893188477,,519.0,0.0,0.0,0.0,2023-06-28
31,2023-06-28 13:44:00+01:00,4.96150016784668,4.96150016784668,4.96150016784668,4.96150016784668,,3118.0,0.0,0.0,0.0,2023-06-28
32,2023-06-28 13:47:00+01:00,4.961999893188477,4.961999893188477,4.961999893188477,4.961999893188477,,61.0,0.0,0.0,0.0,2023-06-28
33,2023-06-28 16:14:00+01:00,4.958000183105469,4.958000183105469,4.954249858856201,4.958000183105469,,5345.0,0.0,0.0,0.0,2023-06-28
34,2023-06-29 08:00:00+01:00,4.991000175476074,4.991000175476074,4.991000175476074,4.991000175476074,,0.0,0.0,0.0,0.0,2023-06-29
35,2023-06-29 10:40:00+01:00,4.945499897003174,4.945499897003174,4.945499897003174,4.945499897003174,,0.0,0.0,0.0,0.0,2023-06-29
36,2023-06-29 11:29:00+01:00,4.943999767303467,4.943999767303467,4.942999839782715,4.942999839782715,,4713.0,0.0,0.0,0.0,2023-06-29
37,2023-06-29 12:34:00+01:00,4.946000099182129,4.946000099182129,4.946000099182129,4.946000099182129,,28.0,0.0,0.0,0.0,2023-06-29
38,2023-06-29 13:18:00+01:00,4.93556022644043,4.93556022644043,4.93556022644043,4.93556022644043,,54.0,0.0,0.0,0.0,2023-06-29
39,2023-06-29 13:36:00+01:00,4.940999984741211,4.940999984741211,4.940999984741211,4.940999984741211,,0.0,0.0,0.0,0.0,2023-06-29
40,2023-06-29 14:33:00+01:00,4.932000160217285,4.932000160217285,4.932000160217285,4.932000160217285,,0.0,0.0,0.0,0.0,2023-06-29
41,2023-06-29 15:46:00+01:00,4.939000129699707,4.939000129699707,4.935999870300293,4.935999870300293,,73895.0,0.0,0.0,0.0,2023-06-29
42,2023-06-30 08:33:00+01:00,4.9456000328063965,4.9456000328063965,4.9456000328063965,4.9456000328063965,,0.0,0.0,0.0,0.0,2023-06-30
43,2023-06-30 10:33:00+01:00,4.9664998054504395,4.9664998054504395,4.9664998054504395,4.9664998054504395,,0.0,0.0,0.0,0.0,2023-06-30
44,2023-06-30 11:05:00+01:00,4.963560104370117,4.963560104370117,4.963560104370117,4.963560104370117,,5753.0,0.0,0.0,0.0,2023-06-30
45,2023-06-30 11:31:00+01:00,4.967050075531006,4.967050075531006,4.967050075531006,4.967050075531006,,600.0,0.0,0.0,0.0,2023-06-30
46,2023-06-30 11:33:00+01:00,4.968999862670898,4.968999862670898,4.968999862670898,4.968999862670898,,323.0,0.0,0.0,0.0,2023-06-30
47,2023-06-30 11:34:00+01:00,4.9695000648498535,4.9695000648498535,4.9695000648498535,4.9695000648498535,,554.0,0.0,0.0,0.0,2023-06-30
48,2023-06-30 13:45:00+01:00,4.978499889373779,4.978499889373779,4.978499889373779,4.978499889373779,,0.0,0.0,0.0,0.0,2023-06-30
49,2023-06-30 14:06:00+01:00,4.980050086975098,4.980050086975098,4.980050086975098,4.980050086975098,,112.0,0.0,0.0,0.0,2023-06-30
50,2023-06-30 14:51:00+01:00,4.98015022277832,4.98015022277832,4.974249839782715,4.98015022277832,,9607.0,0.0,0.0,0.0,2023-06-30
0,2023-07-03 08:08:00+01:00,4.996500015258789,4.996500015258789,4.996500015258789,4.996500015258789,,0.0,0.0,0.0,0.0,2023-07-03
1,2023-07-03 08:56:00+01:00,4.985529899597168,4.985529899597168,4.985529899597168,4.985529899597168,,200.0,0.0,0.0,0.0,2023-07-03
2,2023-07-03 08:57:00+01:00,4.986499786376953,4.986499786376953,4.986499786376953,4.986499786376953,,406.0,0.0,0.0,0.0,2023-07-03
3,2023-07-03 09:39:00+01:00,4.990019798278809,4.990019798278809,4.990019798278809,4.990019798278809,,39797.0,0.0,0.0,0.0,2023-07-03
4,2023-07-03 10:21:00+01:00,4.98799991607666,4.98799991607666,4.98799991607666,4.98799991607666,,0.0,0.0,0.0,0.0,2023-07-03
5,2023-07-03 11:13:00+01:00,4.990930080413818,4.990930080413818,4.990930080413818,4.990930080413818,,660.0,0.0,0.0,0.0,2023-07-03
6,2023-07-03 12:27:00+01:00,4.991000175476074,4.991000175476074,4.991000175476074,4.991000175476074,,681.0,0.0,0.0,0.0,2023-07-03
7,2023-07-03 12:56:00+01:00,4.994999885559082,4.994999885559082,4.994999885559082,4.994999885559082,,24.0,0.0,0.0,0.0,2023-07-03
8,2023-07-03 13:38:00+01:00,4.982979774475098,4.982979774475098,4.982979774475098,4.982979774475098,,8.0,0.0,0.0,0.0,2023-07-03
9,2023-07-03 14:13:00+01:00,4.978000164031982,4.978000164031982,4.978000164031982,4.978000164031982,,2723.0,0.0,0.0,0.0,2023-07-03
10,2023-07-03 15:27:00+01:00,4.975460052490234,4.975460052490234,4.975460052490234,4.975460052490234,,0.0,0.0,0.0,0.0,2023-07-03
11,2023-07-03 15:36:00+01:00,4.974520206451416,4.974520206451416,4.9745001792907715,4.9745001792907715,,9880.0,0.0,0.0,0.0,2023-07-03
12,2023-07-03 16:18:00+01:00,4.9770002365112305,4.9770002365112305,4.960750102996826,4.9770002365112305,,91066.0,0.0,0.0,0.0,2023-07-03
13,2023-07-04 10:01:00+01:00,4.981299877166748,4.981299877166748,4.981299877166748,4.981299877166748,,0.0,0.0,0.0,0.0,2023-07-04
14,2023-07-04 10:05:00+01:00,4.979040145874023,4.979040145874023,4.979040145874023,4.979040145874023,,1.0,0.0,0.0,0.0,2023-07-04
15,2023-07-04 10:06:00+01:00,4.980899810791016,4.980899810791016,4.980899810791016,4.980899810791016,,20.0,0.0,0.0,0.0,2023-07-04
16,2023-07-04 10:43:00+01:00,4.982500076293945,4.982500076293945,4.982500076293945,4.982500076293945,,34990.0,0.0,0.0,0.0,2023-07-04
17,2023-07-04 11:35:00+01:00,4.985300064086914,4.985300064086914,4.985300064086914,4.985300064086914,,2005.0,0.0,0.0,0.0,2023-07-04
18,2023-07-04 11:37:00+01:00,4.98390007019043,4.98390007019043,4.98390007019043,4.98390007019043,,1650.0,0.0,0.0,0.0,2023-07-04
19,2023-07-04 11:40:00+01:00,4.982100009918213,4.982100009918213,4.982100009918213,4.982100009918213,,1460.0,0.0,0.0,0.0,2023-07-04
20,2023-07-04 11:49:00+01:00,4.986400127410889,4.986400127410889,4.986400127410889,4.986400127410889,,0.0,0.0,0.0,0.0,2023-07-04
21,2023-07-04 12:11:00+01:00,4.985000133514404,4.985000133514404,4.985000133514404,4.985000133514404,,936.0,0.0,0.0,0.0,2023-07-04
22,2023-07-04 12:27:00+01:00,4.987400054931641,4.987400054931641,4.987400054931641,4.987400054931641,,1558.0,0.0,0.0,0.0,2023-07-04
23,2023-07-04 13:22:00+01:00,4.977499961853027,4.977499961853027,4.977499961853027,4.977499961853027,,478.0,0.0,0.0,0.0,2023-07-04
24,2023-07-04 13:56:00+01:00,4.978000164031982,4.978000164031982,4.978000164031982,4.978000164031982,,478.0,0.0,0.0,0.0,2023-07-04
25,2023-07-04 15:21:00+01:00,4.97599983215332,4.97599983215332,4.97599983215332,4.97599983215332,,700.0,0.0,0.0,0.0,2023-07-04
26,2023-07-04 15:55:00+01:00,4.973499774932861,4.973499774932861,4.973499774932861,4.973499774932861,,500.0,0.0,0.0,0.0,2023-07-04
27,2023-07-04 15:58:00+01:00,4.972099781036377,4.972099781036377,4.9720001220703125,4.9720001220703125,,45054.0,0.0,0.0,0.0,2023-07-04
28,2023-07-05 08:12:00+01:00,4.959000110626221,4.959000110626221,4.959000110626221,4.959000110626221,,1161.0,0.0,0.0,0.0,2023-07-05
29,2023-07-05 09:37:00+01:00,4.947000026702881,4.947000026702881,4.946499824523926,4.946499824523926,,1618.0,0.0,0.0,0.0,2023-07-05
30,2023-07-05 10:03:00+01:00,4.947539806365967,4.947539806365967,4.947539806365967,4.947539806365967,,8.0,0.0,0.0,0.0,2023-07-05
31,2023-07-05 10:56:00+01:00,4.946199893951416,4.946199893951416,4.946199893951416,4.946199893951416,,130.0,0.0,0.0,0.0,2023-07-05
32,2023-07-05 13:40:00+01:00,4.923250198364258,4.941999912261963,4.923250198364258,4.923250198364258,,3309.0,0.0,0.0,0.0,2023-07-05
33,2023-07-06 09:16:00+01:00,4.865499973297119,4.865499973297119,4.865499973297119,4.865499973297119,,0.0,0.0,0.0,0.0,2023-07-06
34,2023-07-06 09:21:00+01:00,4.867030143737793,4.867030143737793,4.867030143737793,4.867030143737793,,285.0,0.0,0.0,0.0,2023-07-06
35,2023-07-06 09:22:00+01:00,4.867000102996826,4.867000102996826,4.867000102996826,4.867000102996826,,570.0,0.0,0.0,0.0,2023-07-06
36,2023-07-06 10:07:00+01:00,4.8605499267578125,4.8605499267578125,4.8605499267578125,4.8605499267578125,,0.0,0.0,0.0,0.0,2023-07-06
37,2023-07-06 12:02:00+01:00,4.859650135040283,4.859650135040283,4.859650135040283,4.859650135040283,,10266.0,0.0,0.0,0.0,2023-07-06
38,2023-07-06 13:23:00+01:00,4.8480000495910645,4.8480000495910645,4.847499847412109,4.847499847412109,,2622.0,0.0,0.0,0.0,2023-07-06
39,2023-07-06 13:32:00+01:00,4.843120098114014,4.843120098114014,4.843120098114014,4.843120098114014,,0.0,0.0,0.0,0.0,2023-07-06
40,2023-07-06 14:38:00+01:00,4.8317999839782715,4.8317999839782715,4.813499927520752,4.813499927520752,,10984.0,0.0,0.0,0.0,2023-07-06
41,2023-07-07 09:53:00+01:00,4.797399997711182,4.797399997711182,4.797399997711182,4.797399997711182,,0.0,0.0,0.0,0.0,2023-07-07
42,2023-07-07 10:00:00+01:00,4.8024001121521,4.8024001121521,4.8024001121521,4.8024001121521,,0.0,0.0,0.0,0.0,2023-07-07
43,2023-07-07 10:20:00+01:00,4.809999942779541,4.809999942779541,4.809500217437744,4.809500217437744,,2649.0,0.0,0.0,0.0,2023-07-07
44,2023-07-07 10:32:00+01:00,4.8053998947143555,4.8053998947143555,4.8053998947143555,4.8053998947143555,,212.0,0.0,0.0,0.0,2023-07-07
45,2023-07-07 11:10:00+01:00,4.80649995803833,4.80649995803833,4.80649995803833,4.80649995803833,,5.0,0.0,0.0,0.0,2023-07-07
46,2023-07-07 16:02:00+01:00,4.809500217437744,4.809500217437744,4.804999828338623,4.804999828338623,,15206.0,0.0,0.0,0.0,2023-07-07
0,2023-07-10 08:04:00+01:00,4.801199913024902,4.801199913024902,4.801199913024902,4.801199913024902,,0.0,0.0,0.0,0.0,2023-07-10
1,2023-07-10 08:05:00+01:00,4.802000045776367,4.802000045776367,4.802000045776367,4.802000045776367,,6.0,0.0,0.0,0.0,2023-07-10
2,2023-07-10 08:50:00+01:00,4.808499813079834,4.808499813079834,4.808499813079834,4.808499813079834,,1617.0,0.0,0.0,0.0,2023-07-10
3,2023-07-10 08:52:00+01:00,4.809000015258789,4.809000015258789,4.809000015258789,4.809000015258789,,1620.0,0.0,0.0,0.0,2023-07-10
4,2023-07-10 09:18:00+01:00,4.809999942779541,4.809999942779541,4.809999942779541,4.809999942779541,,10.0,0.0,0.0,0.0,2023-07-10
5,2023-07-10 10:15:00+01:00,4.814929962158203,4.814929962158203,4.814929962158203,4.814929962158203,,2.0,0.0,0.0,0.0,2023-07-10
6,2023-07-10 11:05:00+01:00,4.808529853820801,4.808529853820801,4.808529853820801,4.808529853820801,,1399.0,0.0,0.0,0.0,2023-07-10
7,2023-07-10 11:07:00+01:00,4.809500217437744,4.809500217437744,4.809500217437744,4.809500217437744,,2800.0,0.0,0.0,0.0,2023-07-10
8,2023-07-10 11:19:00+01:00,4.809689998626709,4.809689998626709,4.809689998626709,4.809689998626709,,1900.0,0.0,0.0,0.0,2023-07-10
9,2023-07-10 11:27:00+01:00,4.809040069580078,4.809040069580078,4.809040069580078,4.809040069580078,,25786.0,0.0,0.0,0.0,2023-07-10
10,2023-07-10 12:35:00+01:00,4.817049980163574,4.817049980163574,4.817049980163574,4.817049980163574,,0.0,0.0,0.0,0.0,2023-07-10
11,2023-07-10 12:39:00+01:00,4.820030212402344,4.820030212402344,4.820030212402344,4.820030212402344,,2862.0,0.0,0.0,0.0,2023-07-10
12,2023-07-10 12:54:00+01:00,4.823500156402588,4.823500156402588,4.823500156402588,4.823500156402588,,0.0,0.0,0.0,0.0,2023-07-10
13,2023-07-10 14:43:00+01:00,4.821000099182129,4.821000099182129,4.821000099182129,4.821000099182129,,35.0,0.0,0.0,0.0,2023-07-10
14,2023-07-10 15:57:00+01:00,4.822929859161377,4.822929859161377,4.816249847412109,4.816249847412109,,27467.0,0.0,0.0,0.0,2023-07-10
15,2023-07-11 08:09:00+01:00,4.813000202178955,4.813000202178955,4.813000202178955,4.813000202178955,,0.0,0.0,0.0,0.0,2023-07-11
16,2023-07-11 10:01:00+01:00,4.806429862976074,4.806429862976074,4.806429862976074,4.806429862976074,,52.0,0.0,0.0,0.0,2023-07-11
17,2023-07-11 10:02:00+01:00,4.802579879760742,4.802579879760742,4.802579879760742,4.802579879760742,,1.0,0.0,0.0,0.0,2023-07-11
18,2023-07-11 13:05:00+01:00,4.810999870300293,4.810999870300293,4.810999870300293,4.810999870300293,,148.0,0.0,0.0,0.0,2023-07-11
19,2023-07-11 13:06:00+01:00,4.810999870300293,4.810999870300293,4.810999870300293,4.810999870300293,,0.0,0.0,0.0,0.0,2023-07-11
20,2023-07-11 13:42:00+01:00,4.817999839782715,4.817999839782715,4.817999839782715,4.817999839782715,,7707.0,0.0,0.0,0.0,2023-07-11
21,2023-07-11 15:29:00+01:00,4.814499855041504,4.814499855041504,4.814499855041504,4.814499855041504,,3644.0,0.0,0.0,0.0,2023-07-11
22,2023-07-11 15:54:00+01:00,4.817200183868408,4.821750164031982,4.817200183868408,4.821750164031982,,11800.0,0.0,0.0,0.0,2023-07-11
23,2023-07-12 08:43:00+01:00,4.8445000648498535,4.8445000648498535,4.8445000648498535,4.8445000648498535,,0.0,0.0,0.0,0.0,2023-07-12
24,2023-07-12 10:02:00+01:00,4.872429847717285,4.872429847717285,4.872429847717285,4.872429847717285,,3.0,0.0,0.0,0.0,2023-07-12
25,2023-07-12 10:04:00+01:00,4.869500160217285,4.869500160217285,4.869500160217285,4.869500160217285,,24.0,0.0,0.0,0.0,2023-07-12
26,2023-07-12 10:09:00+01:00,4.86899995803833,4.86899995803833,4.86899995803833,4.86899995803833,,82.0,0.0,0.0,0.0,2023-07-12
27,2023-07-12 10:20:00+01:00,4.870699882507324,4.870699882507324,4.870699882507324,4.870699882507324,,354.0,0.0,0.0,0.0,2023-07-12
28,2023-07-12 11:53:00+01:00,4.881249904632568,4.881249904632568,4.881249904632568,4.881249904632568,,300.0,0.0,0.0,0.0,2023-07-12
29,2023-07-12 13:47:00+01:00,4.895500183105469,4.895500183105469,4.894000053405762,4.894000053405762,,2496.0,0.0,0.0,0.0,2023-07-12
30,2023-07-12 14:10:00+01:00,4.9004998207092285,4.9004998207092285,4.9004998207092285,4.9004998207092285,,0.0,0.0,0.0,0.0,2023-07-12
31,2023-07-12 15:08:00+01:00,4.919750213623047,4.919750213623047,4.9054999351501465,4.919750213623047,,6444.0,0.0,0.0,0.0,2023-07-12
32,2023-07-13 08:01:00+01:00,4.927499771118164,4.927499771118164,4.927499771118164,4.927499771118164,,0.0,0.0,0.0,0.0,2023-07-13
33,2023-07-13 11:55:00+01:00,4.938899993896484,4.938899993896484,4.938899993896484,4.938899993896484,,77.0,0.0,0.0,0.0,2023-07-13
34,2023-07-13 13:50:00+01:00,4.935500144958496,4.935500144958496,4.935500144958496,4.935500144958496,,816.0,0.0,0.0,0.0,2023-07-13
35,2023-07-13 14:32:00+01:00,4.933060169219971,4.933060169219971,4.933060169219971,4.933060169219971,,0.0,0.0,0.0,0.0,2023-07-13
36,2023-07-13 14:39:00+01:00,4.933000087738037,4.933000087738037,4.933000087738037,4.933000087738037,,400.0,0.0,0.0,0.0,2023-07-13
37,2023-07-13 15:33:00+01:00,4.939000129699707,4.939000129699707,4.936500072479248,4.936500072479248,,36279.0,0.0,0.0,0.0,2023-07-13
38,2023-07-14 08:00:00+01:00,4.849999904632568,4.849999904632568,4.849999904632568,4.849999904632568,,0.0,0.0,0.0,0.0,2023-07-14
39,2023-07-14 08:07:00+01:00,4.928500175476074,4.928500175476074,4.928500175476074,4.928500175476074,,492.0,0.0,0.0,0.0,2023-07-14
40,2023-07-14 08:27:00+01:00,4.934000015258789,4.934000015258789,4.934000015258789,4.934000015258789,,2994.0,0.0,0.0,0.0,2023-07-14
41,2023-07-14 08:28:00+01:00,4.934500217437744,4.934500217437744,4.934500217437744,4.934500217437744,,0.0,0.0,0.0,0.0,2023-07-14
42,2023-07-14 08:29:00+01:00,4.934500217437744,4.934500217437744,4.934500217437744,4.934500217437744,,779.0,0.0,0.0,0.0,2023-07-14
43,2023-07-14 08:32:00+01:00,4.934000015258789,4.934000015258789,4.934000015258789,4.934000015258789,,7064.0,0.0,0.0,0.0,2023-07-14
44,2023-07-14 08:45:00+01:00,4.936999797821045,4.936999797821045,4.936999797821045,4.936999797821045,,0.0,0.0,0.0,0.0,2023-07-14
45,2023-07-14 10:59:00+01:00,4.934959888458252,4.934999942779541,4.934959888458252,4.934999942779541,,993.0,0.0,0.0,0.0,2023-07-14
46,2023-07-14 12:00:00+01:00,4.940499782562256,4.940499782562256,4.940499782562256,4.940499782562256,,1620.0,0.0,0.0,0.0,2023-07-14
47,2023-07-14 14:29:00+01:00,4.955999851226807,4.955999851226807,4.955999851226807,4.955999851226807,,3154.0,0.0,0.0,0.0,2023-07-14
48,2023-07-14 14:33:00+01:00,4.954500198364258,4.954500198364258,4.954500198364258,4.954500198364258,,3240.0,0.0,0.0,0.0,2023-07-14
49,2023-07-14 14:53:00+01:00,4.947999954223633,4.947999954223633,4.947999954223633,4.947999954223633,,4594.0,0.0,0.0,0.0,2023-07-14
50,2023-07-14 15:05:00+01:00,4.940569877624512,4.940569877624512,4.940569877624512,4.940569877624512,,0.0,0.0,0.0,0.0,2023-07-14
51,2023-07-14 15:27:00+01:00,4.937600135803223,4.937600135803223,4.934999942779541,4.937600135803223,,71737.0,0.0,0.0,0.0,2023-07-14
0,2023-07-17 08:06:00+01:00,4.929500102996826,4.929500102996826,4.929500102996826,4.929500102996826,,0.0,0.0,0.0,0.0,2023-07-17
1,2023-07-17 08:47:00+01:00,4.926000118255615,4.926000118255615,4.926000118255615,4.926000118255615,,1617.0,0.0,0.0,0.0,2023-07-17
2,2023-07-17 09:45:00+01:00,4.913000106811523,4.913000106811523,4.913000106811523,4.913000106811523,,2400.0,0.0,0.0,0.0,2023-07-17
3,2023-07-17 10:09:00+01:00,4.921060085296631,4.921060085296631,4.921060085296631,4.921060085296631,,0.0,0.0,0.0,0.0,2023-07-17
4,2023-07-17 12:12:00+01:00,4.91894006729126,4.91894006729126,4.91894006729126,4.91894006729126,,2.0,0.0,0.0,0.0,2023-07-17
5,2023-07-17 13:34:00+01:00,4.918439865112305,4.918439865112305,4.918439865112305,4.918439865112305,,2.0,0.0,0.0,0.0,2023-07-17
6,2023-07-17 14:45:00+01:00,4.9149298667907715,4.9149298667907715,4.9149298667907715,4.9149298667907715,,39.0,0.0,0.0,0.0,2023-07-17
7,2023-07-17 16:03:00+01:00,4.914999961853027,4.914999961853027,4.914999961853027,4.914999961853027,,1600.0,0.0,0.0,0.0,2023-07-17
8,2023-07-17 16:04:00+01:00,4.914999961853027,4.914999961853027,4.912749767303467,4.912749767303467,,69326.0,0.0,0.0,0.0,2023-07-17
9,2023-07-18 09:36:00+01:00,4.92140007019043,4.92140007019043,4.92140007019043,4.92140007019043,,0.0,0.0,0.0,0.0,2023-07-18
10,2023-07-18 13:12:00+01:00,4.912950038909912,4.912950038909912,4.912950038909912,4.912950038909912,,4.0,0.0,0.0,0.0,2023-07-18
11,2023-07-18 14:25:00+01:00,4.911499977111816,4.945000171661377,4.911499977111816,4.945000171661377,,70696.0,0.0,0.0,0.0,2023-07-18
12,2023-07-19 08:00:00+01:00,4.954500198364258,4.954500198364258,4.953000068664551,4.953000068664551,,9006.0,0.0,0.0,0.0,2023-07-19
13,2023-07-19 08:26:00+01:00,5.021850109100342,5.021850109100342,5.021850109100342,5.021850109100342,,1090.0,0.0,0.0,0.0,2023-07-19
14,2023-07-19 08:57:00+01:00,5.014979839324951,5.014979839324951,5.014979839324951,5.014979839324951,,478.0,0.0,0.0,0.0,2023-07-19
15,2023-07-19 09:03:00+01:00,5.005499839782715,5.005499839782715,5.005499839782715,5.005499839782715,,5357.0,0.0,0.0,0.0,2023-07-19
16,2023-07-19 09:05:00+01:00,5.007999897003174,5.007999897003174,5.006999969482422,5.007999897003174,,92.0,0.0,0.0,0.0,2023-07-19
17,2023-07-19 09:06:00+01:00,5.007999897003174,5.007999897003174,5.006999969482422,5.006999969482422,,147.0,0.0,0.0,0.0,2023-07-19
18,2023-07-19 09:07:00+01:00,5.00600004196167,5.006999969482422,5.00600004196167,5.006999969482422,,4860.0,0.0,0.0,0.0,2023-07-19
19,2023-07-19 09:16:00+01:00,5.006999969482422,5.006999969482422,5.006999969482422,5.006999969482422,,133.0,0.0,0.0,0.0,2023-07-19
20,2023-07-19 09:27:00+01:00,5.013999938964844,5.013999938964844,5.013999938964844,5.013999938964844,,1567.0,0.0,0.0,0.0,2023-07-19
21,2023-07-19 09:50:00+01:00,5.02400016784668,5.02400016784668,5.02400016784668,5.02400016784668,,6370.0,0.0,0.0,0.0,2023-07-19
22,2023-07-19 09:57:00+01:00,5.02400016784668,5.02400016784668,5.02400016784668,5.02400016784668,,1250.0,0.0,0.0,0.0,2023-07-19
23,2023-07-19 10:20:00+01:00,5.0269999504089355,5.0269999504089355,5.0269999504089355,5.0269999504089355,,290.0,0.0,0.0,0.0,2023-07-19
24,2023-07-19 10:26:00+01:00,5.034949779510498,5.034949779510498,5.034949779510498,5.034949779510498,,6000.0,0.0,0.0,0.0,2023-07-19
25,2023-07-19 10:31:00+01:00,5.034999847412109,5.034999847412109,5.0329999923706055,5.0329999923706055,,817.0,0.0,0.0,0.0,2023-07-19
26,2023-07-19 11:14:00+01:00,5.027040004730225,5.027040004730225,5.027040004730225,5.027040004730225,,0.0,0.0,0.0,0.0,2023-07-19
27,2023-07-19 11:21:00+01:00,5.0279998779296875,5.0289998054504395,5.0279998779296875,5.0279998779296875,,9793.0,0.0,0.0,0.0,2023-07-19
28,2023-07-19 11:22:00+01:00,5.0269999504089355,5.0269999504089355,5.0269999504089355,5.0269999504089355,,8518.0,0.0,0.0,0.0,2023-07-19
29,2023-07-19 11:25:00+01:00,5.0269999504089355,5.0269999504089355,5.0269999504089355,5.0269999504089355,,6.0,0.0,0.0,0.0,2023-07-19
30,2023-07-19 11:47:00+01:00,5.0320000648498535,5.0320000648498535,5.0320000648498535,5.0320000648498535,,8949.0,0.0,0.0,0.0,2023-07-19
31,2023-07-19 11:48:00+01:00,5.0320000648498535,5.0320000648498535,5.0320000648498535,5.0320000648498535,,0.0,0.0,0.0,0.0,2023-07-19
32,2023-07-19 11:52:00+01:00,5.03000020980835,5.03000020980835,5.03000020980835,5.03000020980835,,97643.0,0.0,0.0,0.0,2023-07-19
33,2023-07-19 12:05:00+01:00,5.043000221252441,5.043000221252441,5.043000221252441,5.043000221252441,,10662.0,0.0,0.0,0.0,2023-07-19
34,2023-07-19 13:10:00+01:00,5.048999786376953,5.050000190734863,5.048999786376953,5.050000190734863,,9447.0,0.0,0.0,0.0,2023-07-19
35,2023-07-19 13:21:00+01:00,5.048999786376953,5.048999786376953,5.048999786376953,5.048999786376953,,0.0,0.0,0.0,0.0,2023-07-19
36,2023-07-20 08:34:00+01:00,5.0929999351501465,5.0929999351501465,5.0929999351501465,5.0929999351501465,,0.0,0.0,0.0,0.0,2023-07-20
37,2023-07-20 10:00:00+01:00,5.10506010055542,5.10506010055542,5.10506010055542,5.10506010055542,,20.0,0.0,0.0,0.0,2023-07-20
38,2023-07-20 12:43:00+01:00,5.114799976348877,5.114799976348877,5.114799976348877,5.114799976348877,,3900.0,0.0,0.0,0.0,2023-07-20
39,2023-07-20 15:56:00+01:00,5.105999946594238,5.108500003814697,5.105999946594238,5.108500003814697,,15805.0,0.0,0.0,0.0,2023-07-20
40,2023-07-21 08:36:00+01:00,5.105000019073486,5.105000019073486,5.105000019073486,5.105000019073486,,0.0,0.0,0.0,0.0,2023-07-21
41,2023-07-21 11:01:00+01:00,5.0980000495910645,5.0980000495910645,5.0980000495910645,5.0980000495910645,,32.0,0.0,0.0,0.0,2023-07-21
42,2023-07-21 11:17:00+01:00,5.10699987411499,5.10699987411499,5.10699987411499,5.10699987411499,,0.0,0.0,0.0,0.0,2023-07-21
43,2023-07-21 15:19:00+01:00,5.113999843597412,5.113999843597412,5.113999843597412,5.113999843597412,,420.0,0.0,0.0,0.0,2023-07-21
44,2023-07-21 15:24:00+01:00,5.107999801635742,5.111000061035156,5.107999801635742,5.111000061035156,,9182.0,0.0,0.0,0.0,2023-07-21
45,2023-07-21 15:28:00+01:00,5.111000061035156,5.111000061035156,5.111000061035156,5.111000061035156,,0.0,0.0,0.0,0.0,2023-07-21
46,2023-07-21 15:40:00+01:00,5.107999801635742,5.107999801635742,5.107999801635742,5.107999801635742,,254.0,0.0,0.0,0.0,2023-07-21
